time,open,high,low,close,R1 — цена на шкале,R2 — цена на шкале,S1 — цена на шкале,S2 — цена на шкале,Forecast T1,Estimated Structural SL,EMA Fast,EMA Slow,L WATCH label,S WATCH label,LONG ARMED label,SHORT ARMED label,LONG PINE READY label,SHORT PINE READY label,LONG BOUNCE WATCH label,SHORT BOUNCE WATCH label,LONG REVERSAL RISK warning,SHORT REVERSAL RISK warning,LONG T1 label,SHORT T1 label,direction,Volume,Open Interest,Open Interest (Open),Open Interest (High,Open Interest (Low),Open Interest (Close),Type 1 - OI Delta,Type 2 - OI Delta (+),Type 2 - OI Delta (-),CVD (Open),CVD (High,CVD (Low),CVD (Close)
1787290200,15.219,15.279,15.118,15.214,,,14.346333333333334,13.966,15.591877038336248,14.297814052761572,,,0,0,0,0,0,0,0,0,0,0,,,1,18756.94,,889908.79,894234.94,888197.42,892037.25,-4707.420000000042,,,32261.810000000005,36560.41,30201.380000000005,36560.41
1787292000,15.214,15.588,15.203,15.473,,,14.584,14.346333333333334,15.87201082131223,14.538398763278602,,,0,0,0,0,0,0,0,0,0,0,,,1,36801.45,,891919.22,910818.28,891586,903950.72,18986.290000000037,,,36560.41,53446.740000000005,36165.700000000004,50706.98
1787293800,15.473,16.029,15.467,15.923,,,14.584,14.346333333333334,16.363760048361357,14.533627423044416,,,0,0,0,0,0,0,0,0,0,0,,,1,50627.9,,904089.49,909746.69,903253.8,909085.9,41652.929999999935,,,50706.98,82886.49,50706.98,82547.88
1787295600,15.923,16.34,15.814,16.201,,,14.584,14.346333333333334,16.676027187764117,14.529711178541243,,,0,0,0,0,0,0,0,0,0,0,,,1,54163.9,,909134.98,910281.04,872091.55,902715.01,16595.25,,,82547.88,90900.36,78038.22,80985.72
1787297400,16.201,16.401,16.094,16.221,,,14.584,14.346333333333334,16.700471674352393,14.52920323721687,,,0,0,0,0,0,0,0,0,0,0,,,1,24426.9,,902742.7,906461.38,902680.09,904697.34,-1887.509999999893,,,80985.72,85426.36,80025.44,83127.3
1787299200,16.221,16.367,16.116,16.272,,,14.584,14.346333333333334,16.748598697612934,14.529531577415664,,,0,0,0,0,0,0,0,0,0,0,,,1,19984,,904995.2,905386.2,895939.24,897720.62,-1260.2300000000978,,,83127.3,83819.7,75359.27,76278.72
1787301000,16.272,16.317,16.021,16.271,,,14.584,14.346333333333334,16.75055593349773,14.52919360760026,,,0,0,0,0,0,0,0,0,0,0,,,1,21318.99,,897714.05,897714.05,889581.76,889581.76,-1815.2399999999907,,,76278.72,76682.62,71221.12,76009.17
1787302800,16.271,16.271,15.66,15.773,,,14.584,14.346333333333334,15.684484839153846,15.058379778485955,,,0,0,0,0,0,0,0,0,0,0,,,1,47539.65,,889434.47,889434.47,867654.68,869652.74,-24263.79999999993,,,76009.17,76009.17,48847.53999999999,50380.14
1787304600,15.773,15.892,15.546,15.619,16.401,,14.584,14.346333333333334,17.10691870511325,15.142695508594102,,,0,0,0,0,0,0,0,0,0,0,,,1,22438.51,,869586.52,871334.07,867111.38,867126.52,-21327.810000000056,,,50380.14,52315.35,36323.06,36780.630000000005
1787306400,15.619,15.752,15.56,15.736,16.401,,14.584,14.346333333333334,17.10691870511325,15.408260115123095,,,0,0,0,0,0,0,0,0,0,0,,,1,14693.43,,867097.54,867211.18,864198.26,865573.96,-3015.579999999958,,,36780.630000000005,41302.76000000001,36094.880000000005,38607.240000000005
1787308200,15.736,15.763,15.524,15.638,16.401,,14.584,14.346333333333334,17.097318705113253,15.466041535471444,,,0,0,0,0,0,0,0,0,0,0,,,1,9255.43,,865600.06,866126.34,864533.12,865254.16,-12834.229999999981,,,38607.240000000005,38607.240000000005,33322.670000000006,34010.030000000006
1787310000,15.638,15.656,15.384,15.562,16.401,,14.584,14.346333333333334,17.169318705113252,15.326295711509198,,,0,0,0,0,0,0,0,0,0,0,,,1,20876.6,,865252.19,865480.92,858422.77,858429.02,-2350.20000000007,,,34010.030000000006,35978.490000000005,27801.070000000007,30678.070000000007
1787311800,15.562,15.572,15.309,15.415,16.401,,14.584,14.346333333333334,17.19251870511325,15.251660303544256,,,0,0,0,0,0,0,0,0,0,0,,,1,24438.58,,858406.96,858576.92,853755.74,857036.46,-8755.25,,,30678.070000000007,30733.680000000008,17761.430000000008,22418.170000000006
1787313600,15.415,15.554,15.369,15.483,16.401,,14.584,14.346333333333334,16.911928738816172,15.25311313900538,,,0,0,0,0,0,0,0,0,0,0,,,1,7988.47,,857019.4,858957.28,856902.08,858651.49,-3377.429999999935,,,22418.170000000006,24123.510000000006,21981.400000000005,23533.780000000006
1787315400,15.483,15.755,15.444,15.613,16.401,,14.584,14.346333333333334,16.915874450694535,15.252662200504995,,,0,0,0,0,0,0,0,0,0,0,,,1,15198.4,,858714.18,859345.11,855861.42,855878.04,640.9199999999255,,,23533.780000000006,31931.810000000005,23431.620000000006,27770.580000000005
1787317200,15.613,15.925,15.581,15.815,16.401,,15.309,14.584,16.923663326010157,15.251772043326067,,,1,0,0,0,0,0,0,0,0,0,,,1,33475.34,,855869.08,856542.82,852833.88,854878.23,36508.51000000001,,,27770.580000000005,43150.740000000005,27335.430000000004,38695.02000000001
1787319000,15.815,15.815,15.58,15.726,16.401,,15.309,14.584,16.91727085308895,15.252502611659919,,,0,0,0,0,0,0,0,0,0,0,,,1,16707.17,,854873.69,855484.84,848787.64,850021.62,-3963.429999999935,,,38695.02000000001,38695.02000000001,31113.150000000012,32718.830000000013
1787320800,15.726,15.737,15.507,15.69,16.401,,15.309,14.584,16.915718705113253,15.253252425112782,,,0,0,0,0,0,0,0,0,0,0,,,1,14026.29,,850027.88,850144.54,845523.54,845580.94,-3448.810000000056,,,32718.830000000013,32763.34000000001,27797.300000000014,27797.300000000014
1787322600,15.69,15.717,15.516,15.561,16.401,,15.309,14.584,16.90099275107189,15.254362966176155,,,0,0,0,0,0,0,0,0,0,0,,,1,13054.3,,845735.54,848590.28,843996.38,847839.3,-2330.069999999949,,,27797.300000000014,29822.680000000015,27241.100000000013,28181.000000000015
1787324400,15.561,15.802,15.519,15.729,16.401,,15.309,14.584,16.902219604931986,15.25422275430643,,,0,0,0,0,0,0,0,0,0,0,,,1,18823.44,,847839.62,856374.59,847221.6,856003.96,8988.099999999977,,,28181.000000000015,32763.580000000013,26045.950000000015,31912.580000000013
1787326200,15.729,15.83,15.63,15.633,16.401,,15.309,14.584,16.892983826373506,15.25527827185597,,,0,0,0,0,0,0,0,0,0,0,,,1,16630.2,,855983.54,866442.3,854062.68,864787.28,-1832.9599999999627,,,31912.580000000013,35544.16000000001,30201.02000000001,30903.54000000001
1787328000,15.633,15.672,15.542,15.569,16.401,,15.309,14.584,16.875657746283487,15.392258395294832,,,0,0,0,0,0,0,0,0,0,0,,,1,16880.52,,864415.22,864415.22,851743.86,853427.66,1985.5599999999395,,,30903.54000000001,33642.12000000001,25805.59000000001,26470.860000000008
1787329800,15.569,15.581,15.276,15.474,16.401,,14.584,14.346333333333334,16.881444243342756,15.223597081345199,,,0,0,0,0,0,0,0,0,0,0,,,1,19488.51,,853422.72,857029.56,853000.76,853572.04,-13096.05999999994,,,26470.860000000008,26595.090000000007,16551.930000000008,20763.270000000008
1787331600,15.474,15.803,15.237,15.395,16.401,,14.584,14.346333333333334,16.919442419183504,15.180254432677685,,,0,0,0,0,0,0,0,0,0,0,,,1,73684.55,,853571.43,868465.54,845605.46,845605.46,5482,,,20763.270000000008,52459.30000000001,12645.860000000011,13459.560000000009
1787333400,15.395,15.505,15.161,15.293,16.401,,14.584,14.346333333333334,16.95811870511325,15.103393401772136,,,0,0,0,0,0,0,0,0,0,0,,,-1,24102.91,,845460.16,846932.95,838649.58,838649.58,-18526.73999999999,,,13459.560000000009,15695.470000000008,5187.800000000008,8733.330000000009
1787335200,15.293,15.485,15.22,15.458,16.401,,14.584,14.346333333333334,16.95811870511325,15.103722444502697,,,0,0,0,0,0,0,0,0,0,0,,,-1,13425.07,,838648.34,838648.34,833571.24,834108.28,1472.9499999999534,,,8733.330000000009,10902.660000000007,5249.040000000009,10596.660000000007
1787337000,15.458,15.509,15.278,15.395,16.401,,14.584,14.346333333333334,16.93651870511325,15.104513698466791,,,0,0,0,0,0,0,0,0,0,0,,,-1,12333.74,,834091.76,835583.54,832268.84,832400.04,267.46999999997206,,,10596.660000000007,11806.790000000006,9063.910000000007,9508.580000000007
1787338800,15.395,15.414,14.913,15.16,16.401,,14.584,14.346333333333334,17.13491870511325,14.853391291433448,,,0,0,0,0,0,0,0,0,0,0,,,-1,42744.56,,832379.54,833841.78,828515.42,833178.6,-43560.55999999994,,,9508.580000000007,9508.580000000007,-18872.219999999987,-12325.579999999982
1787340600,15.16,15.19,15.027,15.058,15.83,15.925,14.584,14.346333333333334,,,,,0,0,0,0,0,0,0,0,0,0,,,-1,8419.99,,833170.58,835254.58,833113.38,833375.28,419.30999999993946,,,-12325.579999999982,-11300.789999999983,-16379.079999999982,-16162.929999999982
1787342400,15.058,15.337,15.029,15.303,15.83,15.925,14.584,14.346333333333334,,,,,0,0,0,0,0,0,0,0,0,0,,,-1,29599.16,,833377.54,858424.92,832648.5,858424.92,-333.7299999999814,,,-16162.929999999982,3569.0900000000183,-18061.86999999998,3569.0900000000183
1787344200,15.303,15.794,15.266,15.694,15.83,15.925,14.913,14.584,16.55628869125761,14.851637560961839,,,0,0,0,0,0,0,0,0,0,0,,,-1,48504.7,,858538.18,881813.03,858538.18,881535.78,6258.969999999972,,,3569.0900000000183,23583.460000000014,3569.0900000000183,21986.41000000002
1787346000,15.694,16.023,15.561,15.873,,15.925,14.913,14.584,16.73948869125761,14.849420592321708,,,0,0,0,0,0,0,0,0,0,0,,,-1,35908.43,,881531.63,881552.42,870679.12,880756.82,389.19000000006054,,,21986.41000000002,34660.14000000002,15663.660000000022,34660.14000000002
1787347800,15.873,16.255,15.829,16.235,,15.925,14.913,14.584,16.92508869125761,14.84787626429873,,,0,0,0,0,0,0,0,0,0,0,,,1,38461.76,,880817.92,920123.66,880584.65,920123.66,888.6899999999441,,,34660.14000000002,55134.60000000002,32677.49000000002,55134.60000000002
1787349600,16.235,16.586,16.134,16.378,,15.925,14.913,14.584,16.963630352572828,14.84607081684882,,,0,0,0,0,0,0,0,0,1,0,,,1,53735.8,,919939.11,920443.53,909038.99,913002.62,7839.530000000028,,,55134.60000000002,61416.88000000002,44054.81000000002,55048.58000000002
1787351400,16.378,16.387,15.935,16.169,,15.925,14.913,14.584,16.769299613103342,14.844394329931047,,,0,0,0,0,0,0,0,0,0,0,,,1,30055.49,,912728.28,912919.82,906915.46,907132.76,-969.0100000000093,,,55048.58000000002,55048.58000000002,40324.980000000025,45331.950000000026
1787353200,16.169,16.21,15.953,15.996,,15.925,14.913,14.584,16.585546069310247,14.845623306364544,,,0,0,0,0,0,0,0,0,0,0,,,1,24687.66,,907168.04,907168.04,888088.42,888149.18,-4339.300000000047,,,45331.950000000026,45331.950000000026,29467.270000000026,30219.27000000003
1787355000,15.996,16.045,15.871,15.992,,15.925,14.913,14.584,16.67148869125761,14.96395021305279,,,0,0,0,0,0,0,0,0,0,0,,,1,18423.73,,888144.32,895582.98,886610.44,895157.22,-3427.269999999902,,,30219.27000000003,30219.27000000003,20688.08000000003,22486.340000000033
1787356800,15.992,16.105,15.798,16.033,16.586,,14.913,14.584,17.24317167326047,15.201210912120448,,,0,0,0,0,0,0,0,0,0,0,,,1,13157.33,,895131.07,895172.52,891974.16,892983.38,-2896.70000000007,,,0,926.48,-2968.3800000000006,-1819.67
1787358600,16.033,16.141,15.862,15.911,16.586,,14.913,14.584,17.24317167326047,15.496852989826131,,,0,0,0,0,0,0,0,0,0,0,,,1,9260.62,,892978.19,893719.62,889548.48,890536.08,-668.0899999999674,,,-1819.67,-1039.45,-3668.130000000001,-3668.130000000001
1787360400,15.911,15.958,15.792,15.795,16.586,,14.913,14.584,17.154716130923163,15.730063490552835,,,0,0,0,0,0,0,0,0,0,0,,,1,12228.76,,889962.35,890572.2,884744.54,884746.82,-3586.5200000000186,,,-3668.130000000001,-3668.130000000001,-10216.890000000001,-10216.890000000001
1787362200,15.795,15.924,15.767,15.771,16.586,,14.913,14.584,17.135630812518684,15.70724466979906,,,0,0,0,0,0,0,0,0,0,0,,,1,4623.33,,884959.86,884959.86,883713.18,884382.16,-1136.5100000000093,,,-10216.890000000001,-8321.11,-10216.890000000001,-8977.54
1787364000,15.771,16.006,15.761,15.89,16.586,,14.913,14.584,17.1289087311431,15.702012907670555,,,0,0,0,0,0,0,0,0,0,0,,,1,18187.83,,884345.24,890086.5,884075.26,888025.05,1060.5700000000652,,,-8977.54,-1320.2300000000014,-8977.54,-5223.950000000001
1787365800,15.89,16.048,15.769,15.886,16.586,,14.913,14.584,17.126916798437197,15.702240557122659,,,0,0,0,0,0,0,0,0,0,0,,,1,16187.68,,888041.37,894268.9,888041.37,891742.77,2397.429999999935,,,-5223.950000000001,-2245.1300000000015,-8699.890000000003,-6643.090000000003
1787367600,15.886,16.016,15.545,15.974,16.586,,14.913,14.584,17.14906714663886,15.483709088756756,,,1,0,0,0,0,0,0,0,0,0,,,1,39844.37,,891735.59,900981.04,889631.02,900981.04,-8917.01000000001,,,-6643.090000000003,-3028.3800000000037,-18011.980000000003,-5931.240000000004
1787369400,15.974,16.258,15.885,16.079,16.586,,14.913,14.584,17.18317167326047,15.482758439559845,,,0,0,0,0,0,0,0,0,0,0,,,1,72735.25,,901097.76,966372.22,900564.22,966159.98,5079.340000000084,,,-5931.240000000004,43514.749999999985,-8024.620000000004,42949.889999999985
1787371200,16.079,16.108,15.868,16.029,16.586,,14.913,14.584,17.18317167326047,15.483775693876998,,,0,0,0,0,0,0,0,0,0,0,,,-1,23040.05,,966174.38,967838.47,953362.62,956268.71,-2163.7900000000373,,,42949.889999999985,44060.25999999999,31033.119999999988,35359.29999999999
1787373000,16.029,16.384,16.026,16.246,16.586,,15.545,14.913,17.28397167326047,15.483034572885785,,,0,0,0,0,0,0,0,0,0,0,,,-1,36170.18,,957798.04,984767.58,957337.34,984767.58,12907.339999999967,,,35359.29999999999,48385.149999999994,34885.88999999999,44480.71999999999
1787374800,16.246,16.348,14.088,15.308,16.586,,13.966,13.882,18.449571673260472,13.998174960536799,,,0,0,0,0,0,0,0,0,0,0,,,1,327004.52,,984807.1,985913.37,863658.74,863694.99,-12691.030000000028,,,44480.71999999999,46070.539999999986,-185107,-170100.30000000005
1787376600,15.308,15.341,14.963,15.247,16.586,,13.966,13.882,18.449571673260472,13.99919103478417,,,0,0,0,0,0,0,0,0,0,0,,,1,55664.45,,863728.12,863728.12,854938.41,859508.92,-5179.959999999963,,,-170100.30000000005,-169895.04000000004,-186159.80000000005,-173919.69000000003
1787378400,15.247,15.369,15.051,15.241,16.586,,13.966,13.882,18.449571673260472,14.00099167515673,,,0,0,0,0,0,0,0,0,0,0,,,-1,25018.87,,859512.24,867262.56,858687.46,867194.88,483.8100000000559,,,-173919.69000000003,-167692.89000000004,-176364.85000000003,-171295.06000000003
1787380200,15.241,15.478,15.026,15.43,16.586,,14.088,13.966,18.449571673260472,14.000749412645535,,,0,0,0,0,0,0,0,0,0,0,,,-1,21107.13,,867216.14,867216.14,861869.75,862889.24,1083.6300000000047,,,-171295.06000000003,-170249.11000000002,-178129.82000000004,-170249.11000000002
1787382000,15.43,15.674,15.267,15.589,16.586,,14.088,13.966,18.449571673260472,14.001167311742282,,,0,0,0,0,0,0,0,0,0,0,,,-1,10699.03,,862890.12,866210,862165.4,865735.18,-1028.5700000000652,,,-170249.11000000002,-165944.49000000002,-171803.14,-166960.66
1787383800,15.589,15.809,15.518,15.58,16.586,,14.088,13.966,18.42077167326047,14.00321250376069,,,0,0,0,0,0,0,0,0,0,0,,,-1,21604.91,,865740.58,865888.52,859649.62,860771,8025.420000000042,,,-166960.66,-157449.25,-167284.27,-159994.69
1787385600,15.58,15.796,15.457,15.568,16.586,,14.088,13.966,17.344045080204854,14.004425896349213,,,0,0,0,0,0,0,0,0,0,0,,,-1,20446.98,,860773.95,860915.67,856532.03,857460.42,6409.289999999921,,,-159994.69,-156146.22,-161304.82,-161067.11
1787387400,15.568,15.953,15.427,15.766,16.586,,14.088,13.966,17.35756126542311,14.002881189467125,,,0,0,0,0,0,0,0,0,0,0,,,-1,31218.55,,857461.94,865356.22,856529.68,858698.66,-3775.539999999921,,,-161067.11,-146256.38999999998,-162341.16999999998,-151399.77999999997
1787389200,15.766,15.875,15.529,15.768,16.586,,14.088,13.966,17.35437167326047,14.004018247362332,,,0,0,0,0,0,0,0,0,0,0,,,-1,18294.07,,858696.2,858696.2,850976.78,854960.38,-902.0999999999767,,,-151399.77999999997,-151399.77999999997,-158036.04999999996,-153992.84999999998
1787391000,15.768,15.961,15.714,15.936,16.586,,14.088,13.966,17.325998413441525,14.944488372550737,,,0,0,0,0,0,0,0,0,0,0,,,-1,12964.91,,854952.06,858267.44,854877.48,858062,745.3099999999395,,,-153992.84999999998,-152284.03999999998,-158029.00999999998,-155075.47999999998
1787392800,15.936,15.942,15.599,15.713,16.586,,14.088,13.966,17.317928646285736,14.945410631654255,,,0,0,0,0,0,0,0,0,0,0,,,-1,17921.98,,857962.12,857972.56,849687.42,849687.42,9922.949999999953,,,-155075.47999999998,-155075.47999999998,-161757.71999999997,-157875.97999999998
1787394600,15.713,15.852,15.693,15.746,16.586,,14.088,13.966,17.287435291069645,15.189895586536094,,,0,0,0,0,0,0,0,0,0,0,,,-1,7738.15,,849674.74,849724.38,846439.18,847427.66,866.7900000000373,,,-157875.97999999998,-156386.22999999998,-159200.12999999998,-158960.78999999998
1787396400,15.746,15.754,15.549,15.594,16.586,,14.088,13.966,17.264870032654706,15.352474473212087,,,0,0,0,0,0,0,0,0,0,0,,,-1,9824.05,,847443.13,847443.13,843075.52,845259.36,-3571.6600000000326,,,-158960.78999999998,-158648.93999999997,-161480.65999999997,-161468.71999999997
1787398200,15.594,15.955,15.594,15.887,16.586,,14.088,13.966,17.263416578412258,15.352640582268366,,,0,0,0,0,0,0,0,0,0,0,,,-1,16657.45,,845264.54,848958.67,844968.94,848882.01,2499.2900000000373,,,-161468.71999999997,-157583.36999999997,-164892.21999999997,-157583.36999999997
1787400000,15.887,16.549,15.836,16.344,16.586,,14.088,13.966,17.412771673260472,15.347766254963483,,,0,0,0,0,0,0,0,0,0,0,,,-1,50399.66,,854551.47,872784.38,827470.97,871761.74,12083.349999999977,,,-157583.36999999997,-136774.64999999997,-158571.47999999995,-143769.56999999995
1787401800,16.344,16.815,16.272,16.592,,,15.549,14.088,17.625571673260474,15.467668665323234,,,0,0,0,0,0,0,0,0,0,0,,,1,41099.74,,871743.84,890766.43,848856.76,848856.76,11632.530000000028,,,-143769.56999999995,-133952.29999999993,-150758.99999999994,-136103.14999999994
1787403600,16.592,16.642,16.387,16.599,,,15.549,14.088,17.625571673260474,15.469835189228718,,,0,0,0,0,0,0,0,0,0,0,,,1,19869.65,,889607.9,889607.9,846833.09,886734.52,-3187.329999999958,,,-136103.14999999994,-136103.14999999994,-143008.21999999994,-140073.71999999994
1787405400,16.599,17.351,16.589,17.277,,,15.549,14.088,20,15.46460410428381,,,0,0,0,0,0,0,0,0,1,0,,,1,47024.99,,886732.33,903135.02,886707.35,900734.31,17419.630000000005,,,-140073.71999999994,-118833.96999999994,-140073.71999999994,-119446.70999999993
1787407200,17.277,17.321,16.845,17.218,,,15.549,14.088,20,15.463832382549251,,,0,0,0,0,0,0,0,0,0,0,,,1,51558.02,,900306.11,904865.62,896818.38,902887.18,1331.3999999999069,,,-119446.70999999993,-119446.70999999993,-136911.59999999992,-134665.68999999994
1787409000,17.218,17.45,16.678,16.913,,,15.549,14.088,20,15.458887212367163,,,0,0,0,0,0,0,0,0,0,0,,,1,64471.86,,902898.68,907048.11,888357.47,891534.55,-11138.479999999981,,,-134665.68999999994,-120932.34999999995,-153321.12999999995,-149804.18999999994
1787410800,16.913,17.08,16.87,17.063,,,15.549,14.088,20,15.462323840055221,,,0,0,0,0,0,0,0,0,0,0,,,1,14577.95,,891304.19,891429.08,889408.81,891429.08,5083.340000000084,,,-149804.18999999994,-144142.89999999994,-150239.25999999995,-144142.89999999994
1787412600,17.063,17.42,16.999,17.343,,,15.549,14.088,20,15.749500708622707,,,0,0,0,0,0,0,0,0,0,0,,,1,36393.63,,891430.9,909344.6,891272.16,907312.1,13848.939999999944,,,-144142.89999999994,-125190.81999999993,-144274.47999999992,-126519.24999999994
1787414400,17.343,17.5,17.186,17.422,,,15.549,14.088,20,16.187193515149655,,,0,0,0,0,0,0,0,0,0,0,,,1,30955.12,,907322.58,909464.66,901459.3,902216.58,-340.3199999999488,,,-126519.24999999994,-122561.26999999995,-129053.05999999994,-126269.28999999994
1787416200,17.422,17.583,17.284,17.463,,,15.549,14.088,20,16.30397969263897,,,0,0,0,0,0,0,0,0,0,0,,,1,17455.81,,902395.18,903844.17,900806.54,903725.72,10989.929999999935,,,-126269.28999999994,-120184.45999999993,-126541.72999999994,-123049.33999999994
1787418000,17.463,17.603,17.297,17.408,,,15.549,14.088,20,16.507538286021894,,,0,0,0,0,0,0,0,0,0,0,,,1,24515.09,,903725.32,903725.32,900149.9,901417.08,5899.109999999986,,,-123049.33999999994,-123049.33999999994,-132249.15999999995,-131548.12999999995
1787419800,17.408,17.827,17.398,17.654,,,15.549,14.088,20,16.596228408448905,,,0,0,0,0,0,0,0,0,0,0,,,1,24516.91,,901408.62,903039.32,898481.86,898482.54,17772.160000000033,,,-131548.12999999995,-119926.31999999995,-131548.12999999995,-126863.93999999994
1787421600,17.654,17.656,17.366,17.504,,,15.549,14.088,20,16.597926379273982,,,0,0,0,0,0,0,0,0,0,0,,,1,14286.2,,898482.62,899064.51,893912.14,894219.32,-4971.880000000005,,,-126863.93999999994,-126674.47999999994,-133710.99999999994,-132325.07999999996
1787423400,17.504,17.583,17.345,17.491,,,15.549,14.088,20,16.792245923611556,,,0,0,0,0,0,0,0,0,0,0,,,1,10933.38,,894238.68,894458.3,889728.74,889728.74,1002.3299999999581,,,-132325.07999999996,-131710.24999999997,-135346.53999999995,-134335.01999999996
1787425200,17.491,17.746,17.491,17.602,,,15.549,14.088,17.276398543916585,16.923156929067872,,,0,0,0,0,0,0,0,0,0,0,,,1,8494.15,,889736.43,889885.58,887541.34,888353.36,7584.140000000014,,,-134335.01999999996,-132852.42999999996,-135649.05999999997,-133974.18999999997
1787427000,17.602,17.673,17.403,17.403,17.827,,15.549,14.088,18.50968358794397,17.11171714842017,,,0,0,0,0,0,0,0,0,0,0,,,1,7008.85,,888352.36,888797.28,886407.52,886600.18,-2309.75,,,-133974.18999999997,-133426.24999999997,-135566.81999999998,-135566.81999999998
1787428800,17.403,17.564,17.175,17.325,17.827,,15.549,14.088,18.511881805706576,17.100465923533015,,,0,0,0,0,0,0,0,0,0,0,,,1,22490.6,,886605.78,886605.78,874216.81,874216.81,-8272.969999999972,,,-135566.81999999998,-135158.12999999998,-144359.11999999997,-141733.52
1787430600,17.325,17.514,17.236,17.303,17.827,,15.549,14.088,18.50004800791471,17.10181835756637,,,0,0,0,0,0,0,0,0,0,0,,,1,11325.24,,874127.45,874127.45,870393.1,870615.55,-2405.969999999972,,,-141733.52,-136998.8,-142592.72999999998,-137805.63999999998
1787432400,17.303,17.308,16.569,16.694,17.827,,15.549,14.088,,,,,0,0,0,0,0,0,0,0,0,0,,,1,67815.35,,870616.48,871940.24,860790.88,871754.3,-33750.91000000003,,,-137805.63999999998,-137799.49999999997,-180755.25,-171966.90999999997
1787434200,16.694,16.737,16.423,16.434,17.827,,15.549,14.088,,,,,0,0,0,0,0,0,0,0,0,0,,,1,34391.8,,871660.44,871660.44,863159.1,863397.66,-16068.98999999999,,,-171966.90999999997,-171325.09999999998,-189217.05,-180123.84999999998
1787436000,16.434,16.678,16.409,16.638,17.827,,15.549,14.088,,,,,0,0,0,0,0,0,0,0,0,0,,,-1,20151.69,,863136.35,863151.06,857726.42,861539.34,-3661.469999999972,,,-180123.84999999998,-179671.31999999998,-184172.02,-183698.51999999996
1787437800,16.638,16.753,16.472,16.622,17.827,,15.549,14.088,,,,,0,0,0,0,0,0,0,0,0,0,,,-1,13001.48,,861482.62,861487.34,858881.38,860779.62,-2505.4000000000233,,,-183698.51999999996,-179281.09999999995,-186535.08999999997,-179925.69999999995
1787439600,16.622,16.809,16.495,16.604,17.827,,15.549,14.088,,,,,0,0,0,0,0,0,0,0,0,0,,,-1,27680.87,,860756.98,861839.7,848256.3,848644.78,-2079,,,-179925.69999999995,-175224.38999999996,-182846.61999999997,-176641.88999999996
1787441400,16.604,16.741,16.546,16.677,17.827,,16.409,15.549,,,,,0,0,0,0,0,0,0,0,0,0,,,-1,4741.77,,848648.58,848757.9,847419.32,848641.48,-670.25,,,-176641.88999999996,-175328.60999999996,-177663.37999999995,-175435.97999999995
1787443200,16.677,16.803,16.547,16.77,17.827,,16.409,15.549,,,,,0,0,0,0,0,0,0,0,0,0,,,-1,8625.92,,848620.15,849696.21,847555.44,849601.2,-940.4899999999907,,,0,2399.8399999999992,-1373.3900000000006,2033.519999999999
1787445000,16.77,17.084,16.733,17.065,17.827,,16.409,15.549,18.469159487617137,16.339348474171803,,,0,0,0,0,0,0,0,0,0,0,,,-1,16884.9,,849615.8,852712.26,849487.86,852630.16,4286.989999999991,,,2033.519999999999,14539.89,1871.489999999999,14417.76
1787446800,17.065,17.196,16.907,16.953,17.827,,16.409,15.549,18.461752283974516,16.340195011730962,,,0,0,0,0,0,0,0,0,0,0,,,-1,14654.65,,852657.09,853347.56,848985.78,848998.22,7878.75,,,14417.76,17398.54,11527.979999999996,12287.729999999996
1787448600,16.953,16.955,16.734,16.829,17.827,,16.409,15.549,18.446374166306367,16.341952510893037,,,0,0,0,0,0,0,0,0,0,0,,,-1,10687.87,,849004.01,849004.24,845743.88,847131.52,-5571.839999999967,,,12287.729999999996,12287.729999999996,6223.969999999995,6641.839999999995
1787450400,16.829,16.86,16.596,16.733,17.827,,16.409,15.549,18.437469485614514,16.34297018868639,,,0,0,0,0,0,0,0,0,0,0,,,-1,10391.12,,847092.59,848307.94,846795.3,847776.22,-4084.180000000051,,,6641.839999999995,6641.839999999995,1538.7799999999934,1737.7399999999943
1787452200,16.733,16.875,16.69,16.717,17.827,,16.409,15.549,18.41932585354351,16.431043746637364,,,0,0,0,0,0,0,0,0,0,0,,,-1,7532.69,,847725.5,848387.04,846963.42,847528.58,-446.0699999999488,,,1737.7399999999943,4252.449999999993,1089.6299999999942,3609.4899999999943
1787454000,16.717,16.806,16.523,16.602,17.827,,16.409,15.549,18.414728195191863,16.459569193306123,,,0,0,0,0,0,0,0,0,0,0,,,-1,9543.96,,847532.36,848298.66,843781.66,844055.52,2489.909999999916,,,3609.4899999999943,4467.859999999994,109.46999999999434,1242.1499999999942
1787455800,16.602,16.62,16.419,16.457,17.827,,16.409,15.549,18.48130863662044,16.3572285366414,,,0,0,0,0,0,0,0,0,0,0,,,-1,13371.03,,844055.32,844058.52,839191.24,840656.2,1843.390000000014,,,1242.1499999999942,1242.1499999999942,-7057.040000000006,-7057.040000000006
1787457600,16.457,16.577,16.294,16.466,17.827,,15.549,14.088,18.396976776409062,16.2325979268813,,,0,0,0,0,0,0,0,0,0,0,,,-1,16351.97,,840546.32,840589.59,833554.96,834130.06,-4613.489999999991,,,-7057.040000000006,-6911.710000000006,-15588.340000000006,-13035.450000000004
1787459400,16.466,16.468,16.171,16.279,17.196,17.827,15.549,14.088,,,,,0,0,0,0,0,0,0,0,0,0,,,-1,14118.13,,834077.9,839831.17,834077.7,839555.7,216.71000000007916,,,-13035.450000000004,-13035.450000000004,-19913.160000000003,-19165.54
1787461200,16.279,16.789,16.101,16.627,17.196,17.827,15.549,14.088,,,,,0,0,0,0,0,0,0,0,0,0,,,-1,45114.95,,841573.55,862210.81,840883.76,860592.14,1121.3199999999488,,,-19165.54,-2612.3200000000033,-20532.14,-3519.5700000000033
1787463000,16.627,16.668,16.357,16.378,17.196,17.827,15.549,14.088,,,,,0,0,0,0,0,0,0,0,0,0,,,-1,24504.01,,860474.81,860597.06,849393.59,850066.4,1274.7299999999814,,,-3519.5700000000033,-3519.5700000000033,-20387.100000000002,-18719.6
1787464800,16.378,16.68,16.329,16.55,17.196,17.827,15.549,14.088,,,,,0,0,0,0,0,0,0,0,0,0,,,-1,16174.43,,850070.74,850099.19,845737.83,846743.35,6122.550000000047,,,-18719.6,-16361,-20913.94,-18016.93
1787466600,16.55,16.776,16.55,16.637,16.789,17.196,16.101,15.549,,,,,0,0,0,0,0,0,0,0,0,0,,,-1,29268.46,,846750.71,865385,846750.71,855438.5,3694.4499999999534,,,-18016.93,-3421.5499999999993,-18016.93,-11693.85
1787468400,16.637,17.044,16.596,16.808,17.196,17.827,16.101,15.549,17.794291363379564,16.03412318324157,,,0,0,0,0,0,0,0,0,0,0,,,-1,36056.8,,855387.28,874572.04,855346.2,871716.04,6232.170000000042,,,-11693.85,3199.850000000002,-11965.2,478.55000000000473
1787470200,16.808,16.985,16.731,16.946,17.196,17.827,16.101,15.549,17.794291363379564,16.035271527295745,,,1,0,0,0,0,0,0,0,0,0,,,1,10186.83,,871650.62,875221.87,871619.85,874994.42,6140.150000000023,,,478.55000000000473,2796.5600000000045,-728.0499999999954,2796.5600000000045
1787472000,16.946,17.015,16.696,16.797,17.196,17.827,16.101,15.549,17.794291363379564,16.035409275346048,,,0,0,0,0,0,0,0,0,0,0,,,1,15176.18,,874965.03,877548.8,871133.04,871133.04,4872.349999999977,,,2796.5600000000045,2796.5600000000045,-7008.509999999993,-6548.939999999993
1787473800,16.797,16.907,16.572,16.647,17.196,17.827,16.101,15.549,17.794291363379564,16.03530861282133,,,0,0,0,0,0,0,0,0,0,0,,,1,19616.25,,871128.24,873749.44,869975.74,873126.62,-3068.5400000000373,,,-6548.939999999993,-6441.789999999994,-16682.009999999995,-14211.549999999994
1787475600,16.647,16.978,16.618,16.811,17.196,17.827,16.101,15.549,17.794291363379564,16.034857997619806,,,0,0,0,0,0,0,0,0,0,0,,,1,19408.05,,873188.74,879865.73,872717.38,876343.96,-2205.7099999999627,,,-14211.549999999994,-4399.359999999993,-14648.289999999994,-6913.679999999989
1787477400,16.811,16.847,16.7,16.818,17.196,17.827,16.101,15.549,17.77930076464669,16.26548242636125,,,0,0,0,0,0,0,0,0,0,0,,,1,7387.5,,876187.59,876214.64,874506.52,875375.06,1296.5999999999767,,,-6913.679999999989,-6913.679999999989,-9414.84999999999,-7187.3999999999905
1787479200,16.818,16.828,16.688,16.783,17.196,17.827,16.572,16.101,17.75710228112247,16.511019395906875,,,0,0,0,0,0,0,0,0,0,0,,,1,12574.31,,875387.62,876854.5,872098.1,872098.1,-760.0500000000466,,,-7187.3999999999905,-7187.3999999999905,-14693.07999999999,-14105.86999999999
1787481000,16.783,16.952,16.735,16.793,17.196,17.827,16.572,16.101,17.746114403564267,16.512275153342095,,,0,0,0,0,0,0,0,0,0,0,,,1,12975.35,,871997.64,876085.41,871394.74,874837.38,862.7800000000279,,,-14105.86999999999,-5254.7299999999905,-14436.68999999999,-5448.21999999999
1787482800,16.793,16.964,16.764,16.888,17.196,17.827,16.572,16.101,17.733786374403078,16.51368407096052,,,0,0,0,0,0,0,0,0,0,0,,,1,5731.37,,874836.08,875841.16,874638.44,875841.16,1993.9300000000512,,,-5448.21999999999,-1650.1299999999896,-5535.19999999999,-1650.1299999999896
1787484600,16.888,17.051,16.85,17.009,17.196,17.827,16.572,16.101,17.7224639187534,16.51497806589191,,,0,0,0,0,0,0,0,0,0,0,,,1,10434.29,,875841.1,880242.48,875305.04,880214.22,3538.1999999999534,,,-1650.1299999999896,-1258.2599999999895,-6755.78999999999,-6671.69999999999
1787486400,17.009,17.017,16.733,16.841,17.196,17.827,16.572,16.101,17.722325209935846,16.5149939183282,,,0,0,0,0,0,0,0,0,0,0,,,1,12250.8,,880172.49,880263.8,875767.34,875846.28,-8006.739999999991,,,-6671.69999999999,-6671.69999999999,-13458.37999999999,-12526.819999999989
1787488200,16.841,16.883,16.764,16.778,17.196,17.827,16.572,16.101,17.70157140889097,16.517365781304758,,,0,0,0,0,0,0,0,0,0,0,,,1,5840.16,,875862,876353.38,873718.24,873732.19,-2166.4100000000326,,,-12526.819999999989,-12319.309999999989,-15542.26999999999,-15350.05999999999
1787490000,16.778,17.091,16.757,16.943,17.196,17.827,16.572,16.101,17.709175022206445,16.632496796925846,,,0,0,0,0,0,0,0,0,0,0,,,1,16550.38,,873725.82,873728.56,865390.7,865824.97,3611.420000000042,,,-15350.05999999999,-8074.49999999999,-15631.21999999999,-14207.799999999988
1787491800,16.943,17.47,16.905,17.316,,17.827,16.733,16.572,17.794291363379564,16.673389882859716,,,0,0,0,0,0,0,0,0,0,0,,,1,37744.3,,865897.76,874855.49,865733.3,873582.44,-1828.6300000000047,,,-14207.799999999988,10816.51000000001,-14490.229999999989,9839.94000000001
1787493600,17.316,17.552,17.282,17.382,,17.827,16.733,16.572,17.794291363379564,16.673790605512593,,,0,0,0,0,0,0,0,0,0,0,,,1,15322.55,,873909.41,878346.42,873730.02,876484.42,947.5600000000559,,,9839.94000000001,11206.97000000001,6185.63000000001,7373.87000000001
1787495400,17.382,17.494,16.729,16.849,,17.827,16.733,16.572,17.794291363379564,16.66709127654741,,,0,0,0,0,0,0,0,0,0,0,,,1,39019.48,,876330.58,876888.31,865601.36,867865.16,-5934.5,,,7373.87000000001,9457.39000000001,-6160.78999999999,-2844.4099999999853
1787497200,16.849,16.897,16.642,16.757,,17.827,16.572,16.101,17.794291363379564,16.66815618536545,,,0,0,0,0,0,0,0,0,0,0,,,1,25313.72,,867886.82,869050.26,865499.73,865545.92,-2513.1600000000326,,,-2844.4099999999853,19.190000000014606,-6925.179999999986,-4748.8899999999885
1787499000,16.757,16.856,16.643,16.706,,17.827,16.572,16.101,17.794291363379564,16.578745029267917,,,0,0,0,0,0,0,0,0,0,0,,,1,24890.75,,865487.84,868026.24,857979.6,858037.53,-2575.359999999986,,,-4748.8899999999885,-1667.2799999999888,-12948.379999999988,-12061.639999999989
1787500800,16.706,16.743,16.631,16.67,,17.827,16.572,16.101,17.794291363379564,16.570663241463066,,,0,0,0,0,0,0,0,0,0,0,,,-1,18264.94,,857898.49,857967.5,854619.72,854905.66,-2585.9100000000326,,,-12061.639999999989,-9913.079999999989,-15724.049999999985,-14769.839999999986
1787502600,16.67,16.952,16.657,16.843,17.552,17.827,16.572,16.101,,,,,0,0,0,0,0,0,0,0,0,0,,,-1,30745.96,,854899.72,854902.48,850183.6,852123.15,1606.1300000000047,,,-14769.839999999986,-702.5599999999904,-14769.839999999986,-702.5599999999904
1787504400,16.843,17.22,16.746,17.19,17.552,17.827,16.572,16.101,18.266083757794963,16.568290243914582,,,0,0,1,0,0,0,0,0,0,0,,,-1,17340.4,,852256.16,853125.98,849719.92,852527.36,6357.660000000033,,,-702.5599999999904,3946.2300000000096,-1614.6899999999905,3469.1000000000095
1787506200,17.19,17.208,17.012,17.09,17.552,17.827,16.6015,16.101,18.109700525988973,16.5699695122064,,,0,0,0,0,0,0,0,0,0,0,,,-1,7229.4,,852468.42,852468.42,850009.18,850159.88,-1377.5800000000745,,,3469.1000000000095,3469.1000000000095,809.2400000000098,1521.8800000000097
1787508000,17.09,17.145,16.943,16.943,17.552,17.827,16.6015,16.101,18.096806471117972,16.571443118477372,,,0,0,0,0,0,0,0,0,0,0,,,-1,12952.27,,850069.18,850069.18,842059.52,842129.23,108.38000000000466,,,1521.8800000000097,2314.20000000001,-1825.3299999999913,-1825.3299999999913
1787509800,16.943,17.119,16.916,17.097,17.552,17.827,16.6015,16.101,18.084958420166327,16.572797181443274,,,0,0,0,0,0,0,0,0,0,0,,,-1,8796.87,,842115.42,842589.49,839832.62,839832.62,-698.8099999999395,,,-1825.3299999999913,1733.4600000000091,-1825.3299999999913,1716.3800000000087
1787511600,17.097,17.116,17.011,17.059,17.552,17.827,16.6015,16.101,18.061706658568372,16.575454525625897,,,0,0,0,0,0,0,0,0,0,0,,,-1,6268.04,,839832.36,841713.36,839585.8,839585.8,-585.1600000000326,,,1716.3800000000087,3701.080000000009,1560.0900000000088,3193.800000000009
1787513400,17.059,17.079,16.909,16.959,17.552,17.827,16.6015,16.101,18.04824073708456,16.57699348808119,,,0,0,0,0,0,0,0,0,0,0,,,-1,9216.95,,839586.75,839976.87,834840.64,834956.71,-72.03000000002794,,,3193.800000000009,3193.800000000009,-1854.5999999999917,-1162.749999999994
1787515200,16.959,16.984,16.521,16.623,17.552,17.827,16.101,15.549,18.12528375779496,16.464236810361104,,,0,0,0,0,0,0,0,0,0,0,,,-1,28066.12,,835051.87,835699.53,823299.4,823304.4,-12394.709999999963,,,-1162.749999999994,-1022.1899999999941,-15172.229999999994,-13455.689999999997
1787517000,16.623,16.764,16.536,16.753,17.552,17.827,16.101,15.549,18.07488375779496,16.465034181049596,,,0,0,0,0,0,0,0,0,0,0,,,-1,11520.08,,823303.82,827699.66,822851.74,827666.96,-229.39000000001397,,,-13455.689999999997,-13044.379999999997,-18101.619999999995,-14815.869999999997
1787518800,16.753,17.073,16.751,17.05,17.552,17.827,16.101,15.549,18.07065603676699,16.464431739546054,,,0,0,0,0,0,0,0,0,0,0,,,-1,11457.73,,827658.4,828640.22,824620.48,824620.48,1486.670000000042,,,-14815.869999999997,-9294.669999999998,-14815.869999999997,-10162.259999999998
1787520600,17.05,17.064,16.932,16.952,17.552,17.827,16.521,16.101,18.05180087398327,16.466586615292766,,,0,0,0,0,0,0,0,0,0,0,,,-1,7486.78,,824622.1,825760.78,824280.62,825210.5,2600.0200000000186,,,-10162.259999999998,-9750.039999999999,-12921.119999999999,-12921.119999999999
1787522400,16.952,17.019,16.853,16.868,17.552,17.827,16.521,16.101,18.03854250854125,16.46810185705757,,,0,0,0,0,0,0,0,0,0,0,,,-1,6580.83,,825201.08,827512.9,825112.18,826388.84,-1976.6200000001118,,,-12921.119999999999,-12727.32,-15958.449999999999,-15217.749999999998
1787524200,16.868,16.892,16.601,16.701,17.552,17.827,16.521,16.101,18.04185616920223,16.46772315298203,,,0,0,0,0,0,0,0,0,0,0,,,-1,14993.71,,826388.67,827465.96,820407.33,820617.46,-4705.789999999921,,,-15217.749999999998,-15091.749999999998,-26257.21,-23850.1
1787526000,16.701,16.796,16.575,16.795,17.552,17.827,16.521,16.101,18.036183139815996,16.4683714991976,,,0,0,0,0,0,0,0,0,0,0,,,-1,3998.1,,820898.66,821003.2,820209.78,820582.6,-581.6900000000605,,,-23850.1,-22325.28,-24664.32,-22325.28
1787527800,16.795,16.875,16.72,16.781,17.552,17.827,16.521,16.101,18.022665326814494,16.469916392112054,,,0,0,0,0,0,0,0,0,0,0,,,-1,3103.35,,820993.06,821907.53,820920.25,821561.46,1818.2200000000885,,,-22325.28,-21657.41,-22653.129999999997,-22377.93
1787529600,16.781,16.784,16.507,16.568,17.22,17.552,16.521,16.101,,,,,0,0,0,0,0,0,0,0,0,0,,,-1,13498.66,,821515.9,823570.06,817170.88,817585.06,4243.719999999972,,,0,7672.93,-943.3699999999999,6821.68
1787531400,16.568,16.744,16.513,16.744,17.22,17.552,16.521,16.101,,,,,0,0,0,0,0,0,0,0,0,0,,,-1,4792.64,,817577.87,818480.94,816693.26,816693.26,755.3099999999395,,,6821.68,7254.6,5499.5,6585.48
1787533200,16.744,16.744,16.588,16.634,17.22,17.552,16.521,16.101,,,,,0,0,0,0,0,0,0,0,0,0,,,-1,6683.96,,816692.66,819314.46,816619.24,818958.86,1441.780000000028,,,6585.48,9259.810000000001,6314.129999999999,8932.54
1787535000,16.634,16.639,16.427,16.446,17.22,17.552,16.101,15.549,,,,,0,0,0,0,0,0,0,0,0,0,,,-1,5437.07,,818914.38,818914.38,817157.33,817346.56,-2193.5400000000373,,,8932.54,9011.400000000001,8142.010000000001,8201.39
1787536800,16.446,16.726,16.404,16.718,17.22,17.552,16.101,15.549,,,,,0,0,0,0,0,0,0,0,0,0,,,-1,8569.68,,817394.34,817472.04,816114.56,817125.82,2221.460000000079,,,8201.39,14005.839999999998,8201.39,13159.049999999997
1787538600,16.718,16.857,16.689,16.786,17.22,17.552,16.101,15.549,17.528316242205037,16.355000437781822,,,0,0,0,0,0,0,0,0,0,0,,,-1,6358.88,,817125.92,819286.24,817123.8,818369.75,-288.21000000007916,,,13159.049999999997,15513.549999999997,13159.049999999997,13799.649999999998
1787540400,16.786,16.792,16.619,16.694,17.22,17.552,16.101,15.549,17.528316242205037,16.356028977940262,,,0,0,0,0,0,0,0,0,0,0,,,-1,3215.29,,818368.9,818368.9,816278.05,816283.24,-2258.1699999999255,,,13799.649999999998,13801.839999999998,13270.199999999997,13618.519999999997
1787542200,16.694,16.709,16.505,16.529,17.22,17.552,16.404,16.101,17.528316242205037,16.35654119380167,,,0,0,0,0,0,0,0,0,0,0,,,-1,4407.47,,816282.86,816549.02,815041.92,815461.2,-2958.820000000065,,,13618.519999999997,13618.519999999997,11501.439999999995,11574.449999999995
1787544000,16.529,16.818,16.528,16.818,17.22,17.552,16.404,16.101,17.528316242205037,16.355788251387267,,,0,0,0,0,0,0,0,0,0,0,,,-1,2729.72,,815453.07,815742.9,814505.16,815742.9,-315.85999999998603,,,11574.449999999995,13284.589999999995,11520.949999999995,13284.589999999995
1787545800,16.818,16.908,16.655,16.786,17.22,17.552,16.404,16.101,17.528316242205037,16.355617662002462,,,0,0,0,0,0,0,0,0,0,0,,,-1,13188.04,,815696.16,826619.16,815696.16,825138.22,-1020.0300000000279,,,13284.589999999995,19227.799999999996,12730.889999999994,15611.989999999994
1787547600,16.786,17.037,16.726,16.886,17.22,17.552,16.404,16.101,17.528316242205037,16.354630686145143,,,0,0,0,0,0,0,0,0,0,0,,,1,8296.37,,825138.29,825171.02,824042.8,824318.72,1819.25,,,15611.989999999994,19644.149999999994,14861.739999999994,19085.359999999993
1787549400,16.886,16.988,16.768,16.889,17.22,17.552,16.404,16.101,17.528316242205037,16.355014208563347,,,1,0,0,0,0,0,0,0,0,0,,,1,5638.86,,824311.54,824311.54,822953.46,823098.24,215.04000000003725,,,19085.359999999993,20538.619999999995,18393.089999999993,19206.439999999995
1787551200,16.889,17.1,16.844,16.938,17.22,17.552,16.404,16.101,17.528316242205037,16.354856050808824,,,0,0,0,0,0,0,0,0,0,0,,,1,7601.75,,823098.64,824310.12,821645.3,821650.44,3647.3000000000466,,,19206.439999999995,23257.449999999993,19206.439999999995,21502.769999999997
1787553000,16.938,16.945,16.743,16.787,17.22,17.552,16.404,16.101,17.528316242205037,16.456480618608193,,,0,0,0,0,0,0,0,0,0,0,,,1,10732.18,,821659.8,822042.2,816518.42,816730.18,-1789.2000000000698,,,21502.769999999997,21502.769999999997,13359.519999999995,13423.629999999996
1787554800,16.787,16.95,16.757,16.757,17.22,17.552,16.404,16.101,17.528316242205037,16.457189145850464,,,0,0,0,0,0,0,0,0,0,0,,,1,4827.3,,816615.89,816639.88,815214.26,815274,814.9000000000233,,,13423.629999999996,15942.729999999996,13248.419999999996,14879.929999999997
1787556600,16.757,16.975,16.648,16.945,17.22,17.552,16.404,16.101,17.528316242205037,16.478932778289717,,,0,0,0,0,0,0,0,0,0,0,,,1,14597.73,,815269.44,820807.84,812930.28,820807.84,5680.150000000023,,,14879.929999999997,21318.639999999996,12446.499999999996,19532.759999999995
1787558400,16.945,16.999,16.675,16.7,17.22,17.552,16.404,16.101,17.528316242205037,16.59780900841188,,,0,0,0,0,0,0,0,0,0,0,,,1,9511.27,,820762.41,822743.54,817935.16,817935.16,-1806.5100000000093,,,19532.759999999995,19532.759999999995,14881.529999999995,14881.529999999995
1787560200,16.7,16.811,16.632,16.746,17.22,17.552,16.404,16.101,17.528316242205037,16.582836936382463,,,0,0,0,0,0,0,0,0,0,0,,,1,9519.07,,817932.82,818177.44,816413.94,816940.02,1985.6600000000326,,,14881.529999999995,18095.779999999995,14416.119999999995,17505.599999999995
1787562000,16.746,16.828,16.677,16.775,17.22,17.552,16.404,16.101,17.528316242205037,16.58419144092657,,,0,0,0,0,0,0,0,0,0,0,,,1,5223.66,,816873.54,817565.26,815480.1,815677.02,-190.20000000006985,,,17505.599999999995,18090.799999999996,16576.209999999995,16912.299999999996
1787563800,16.775,16.98,16.73,16.842,17.22,17.552,16.404,16.101,17.528316242205037,16.584034909431818,,,0,0,0,0,0,0,0,0,0,0,,,1,13509.78,,815676.68,823007.3,815472.86,822521.4,1486.75,,,16912.299999999996,26707.499999999996,16878.509999999995,26707.499999999996
1787565600,16.842,17.356,16.791,17.037,,17.552,16.632,16.404,17.528316242205037,16.579389558758116,,,0,0,0,0,0,0,0,0,0,0,,,1,34596.76,,822537.5,844009.9,821863.14,839702.86,-355.7700000000186,,,26707.499999999996,52878.96000000001,26384.269999999997,49105.82000000001
1787567400,17.037,17.089,16.894,16.931,,17.552,16.632,16.404,17.528316242205037,16.580361733132538,,,0,0,0,0,0,0,0,0,0,0,,,1,12159.05,,837673.3,837673.3,829767.02,829767.02,-1404.6799999999348,,,49105.82000000001,54777.14000000001,49105.82000000001,54426.350000000006
1787569200,16.931,16.964,16.786,16.88,,17.552,16.632,16.404,17.528316242205037,16.581507323623068,,,0,0,0,0,0,0,0,0,0,0,,,1,11484.77,,829758.44,829758.44,825754.57,826345.31,666.6600000000326,,,54426.350000000006,54426.350000000006,47355.350000000006,47960.22
1787571000,16.88,17.125,16.857,16.906,,17.552,16.632,16.404,17.528316242205037,16.581285371935707,,,0,0,0,0,0,0,0,0,0,0,,,1,9579.95,,826383.61,827583.75,825442.31,825460.76,-985.9200000000419,,,47960.22,50126.270000000004,46114.03,46528.07
1787572800,16.906,16.919,16.708,16.899,,17.552,16.632,16.404,17.528316242205037,16.581893559654585,,,0,0,0,0,0,0,0,0,0,0,,,1,10624.42,,825454.16,827377.76,825428.14,827365.5,-1291.670000000042,,,46528.07,47743.64,44190.35,45385.87
1787574600,16.899,17.529,16.879,17.35,,17.552,16.632,16.404,17.528316242205037,16.576186876822117,,,0,0,0,0,0,0,0,0,0,0,,,1,29720.98,,827368.98,834571.4,827357.84,832239.6,15354.590000000084,,,45385.87,58144.840000000004,43508.600000000006,55724.53
1787576400,17.35,17.387,17.13,17.157,,17.552,16.632,16.404,17.528316242205037,16.652502099906247,,,0,0,0,0,0,0,0,0,0,0,,,1,12692.43,,832225.2,832776.28,826119.94,826393.6,572.3699999999953,,,55724.53,61967.26,55724.53,60012
1787578200,17.157,17.176,16.682,16.847,,17.552,16.632,16.404,17.922683902434166,16.623409092770085,,,0,0,0,0,0,0,0,0,0,0,,,1,34496.45,,826411.81,826535.86,811259.85,813012.32,1960.3099999999395,,,60012,66873.04,55681.06,59953.350000000006
1787580000,16.847,17.115,16.817,16.967,,17.552,16.632,16.404,17.922683902434166,16.62333701471508,,,0,0,0,0,0,0,0,0,0,0,,,1,14172.1,,813615.37,814245.05,812402.18,813700.26,7348.619999999995,,,59953.350000000006,61673.00000000001,58409.39000000001,58845.530000000006
1787581800,16.967,17.303,16.954,17.141,,17.552,16.632,16.404,17.922683902434166,16.622541513664004,,,0,0,0,0,0,0,0,0,0,0,,,1,20172.82,,813708.02,822018.02,813700.38,822018.02,-1453.9899999999907,,,58845.530000000006,60059.55,50893.12000000001,51049.21000000001
1787583600,17.141,17.585,17.112,17.5,,17.552,16.657,16.404,17.967483902434164,16.620031405545145,,,0,0,0,0,0,0,0,0,0,0,,,1,26760.49,,822007.1,830307.44,821858.06,827492.38,5910.160000000033,,,51049.21000000001,67469.82,50854.37000000001,66171.02
1787585400,17.5,17.56,17.006,17.118,17.827,,16.657,16.404,,,,,0,0,0,0,0,0,0,0,0,0,,,1,24496.8,,827647.12,831272.66,827252.06,827665.04,2257.1199999999953,,,66171.02,66293.65000000001,57160.840000000004,60836.880000000005
1787587200,17.118,17.497,17.118,17.411,17.827,,16.657,16.404,,,,,0,0,0,0,0,0,0,0,0,0,,,1,19542.92,,827755.56,827758.67,824691.37,825148.48,4091.1999999999534,,,60836.880000000005,70820.99,60836.880000000005,69208.86
1787589000,17.411,17.424,16.882,16.903,17.585,17.827,16.657,16.404,,,,,0,0,0,0,0,0,0,0,0,0,,,1,14840.95,,825130.38,825351.54,819610.43,819800.26,-5118.699999999953,,,69208.86,69208.86,60492.39,60492.39
1787590800,16.903,16.972,16.459,16.47,17.585,17.827,16.404,16.101,,,,,0,0,0,0,0,0,0,0,0,0,,,1,32085.6,,819799.76,821714.02,817426.99,821375.1,-7147.150000000023,,,60492.39,61505.26,43004.63,43004.63
1787592600,16.47,16.483,16.01,16.274,17.585,17.827,15.549,14.088,,,,,0,0,0,0,0,0,0,0,0,0,,,1,58049.33,,821573.13,821731.7,811637.24,817123.44,-8634.069999999949,,,43004.63,43004.63,13950.55,30239.8
1787594400,16.274,16.621,16.199,16.595,17.585,17.827,15.549,14.088,,,,,0,0,0,0,0,0,0,0,0,0,,,-1,13969.77,,817032.31,817032.31,812207.24,812850.78,2022.140000000014,,,30239.8,34036.72,28568.45,33893.81
1787596200,16.595,16.703,16.5,16.648,17.585,17.827,15.549,14.088,,,,,0,0,0,0,0,0,0,0,0,0,,,-1,9572.48,,812856.42,813260.39,810415.08,811531.98,2356.8699999999953,,,33893.81,35043.03,31563.569999999996,31563.569999999996
1787598000,16.648,16.765,16.566,16.721,17.585,17.827,16.01,15.549,15.578810210715165,17.6543724236749,,,0,0,0,0,0,0,0,0,0,0,,,-1,8181.68,,811524.07,811524.07,809541.81,809541.81,505.45999999996275,,,31563.569999999996,33930.06999999999,30802.989999999998,33579.95
1787599800,16.721,16.739,16.543,16.64,17.585,17.827,16.01,15.549,15.578810210715165,17.564217250555267,,,0,0,0,0,0,0,0,0,0,0,,,-1,4690.71,,809541.3,810042.69,808428.12,808428.12,3033.280000000028,,,33579.95,33739.36,32149.399999999998,32415.799999999996
1787601600,16.64,16.694,16.525,16.673,17.585,17.827,16.01,15.549,15.578810210715165,17.48883030408703,,,0,0,0,0,0,0,0,0,0,0,,,-1,4026.1,,808425.96,809344.08,808064.1,809343.68,1373.6999999999534,,,32415.799999999996,33069.03,31995.069999999996,32655.799999999996
1787603400,16.673,16.873,16.654,16.827,17.585,17.827,16.01,15.549,15.578810210715165,17.03532813950939,,,0,0,0,0,0,0,0,0,0,0,,,-1,7688.2,,809343.26,814492.44,809343.26,814333.27,1088.6800000000512,,,32655.799999999996,37616.829999999994,32655.799999999996,37400.17999999999
1787605200,16.827,16.912,16.801,16.823,17.585,17.827,16.01,15.549,15.578810210715165,16.972390415258715,,,0,0,0,0,0,0,0,0,0,0,,,-1,2828.76,,814304.68,814858.17,812842.02,812847.98,-2753.3300000000745,,,37400.17999999999,38497.34,37400.17999999999,37854.69999999999
1787607000,16.823,16.973,16.79,16.869,17.585,17.827,16.01,15.549,15.578810210715165,17.031691099883094,,,0,0,0,0,0,0,0,0,0,0,,,-1,7458.92,,812824.2,812826.09,808834.6,808836.8,-1439.219999999972,,,37854.69999999999,39361.71999999999,35444.37999999999,35577.45999999999
1787608800,16.869,16.913,16.741,16.79,17.585,17.827,16.01,15.549,15.578810210715165,17.029956021320015,,,0,0,0,0,0,0,0,0,0,0,,,-1,4358.88,,808806.5,808806.5,807415.68,807660.76,-1527.1999999999534,,,35577.45999999999,35973.509999999995,34681.04999999999,35801.079999999994
1787610600,16.79,16.819,16.693,16.72,17.585,17.827,16.01,15.549,15.578810210715165,17.02768773408287,,,0,0,0,0,0,0,0,0,0,0,,,-1,2824.78,,807871.62,807872.24,806445.88,806448.21,438,,,35801.079999999994,35829.869999999995,34475.06,34650.619999999995
1787612400,16.72,16.773,16.635,16.731,16.973,17.585,16.01,15.549,15.578810210715165,17.025752895934094,,,0,0,0,0,0,0,0,0,0,0,,,-1,4222.71,,806441.89,806465.01,804919.92,804926.74,-86.01000000000931,,,34650.619999999995,35480.549999999996,33889.719999999994,35480.549999999996
1787614200,16.731,16.976,16.712,16.814,16.973,17.585,16.01,15.549,15.578810210715165,17.02575626051023,,,0,0,0,0,0,0,0,0,0,0,,,-1,6576.34,,804931.33,806852.47,804344.24,806404.6,2602.539999999921,,,35480.549999999996,38983.92999999999,35480.549999999996,38548.88999999999
1787616000,16.814,16.882,16.662,16.778,16.973,17.585,16.01,15.549,15.578810210715165,17.02513081333093,,,0,0,0,0,0,0,0,0,0,0,,,1,7110.45,,806407.42,806482.12,804553.56,805711.1,1937.1500000000233,,,0,261.14,-1881.7200000000003,-1140.5299999999997
1787617800,16.778,17.022,16.728,16.838,17.585,17.827,16.01,15.549,15.578810210715165,17.02560718380729,,,0,0,0,0,0,0,0,0,0,0,,,1,6029.41,,805708.33,806665.14,805040.2,805527.88,1352.7600000000093,,,-1140.5299999999997,267.8500000000006,-1439.3699999999997,-1255.039999999999
1787619600,16.838,16.942,16.759,16.895,17.585,17.827,16.01,15.549,15.578810210715165,17.02446381353534,,,0,0,0,0,0,0,0,0,0,0,,,1,3418.71,,805521.26,805652.5,803672.19,803740.28,-3713.439999999944,,,-1255.039999999999,455.35000000000105,-1280.579999999999,115.59000000000083
1787621400,16.895,17.037,16.77,16.788,17.585,17.827,16.01,15.549,15.578810210715165,17.02460211256853,,,0,0,0,0,0,0,0,0,0,0,,,1,5918.84,,803739.46,804654.58,802326.68,802327.1,-2860.25,,,115.59000000000083,652.6700000000009,-1469.9999999999986,-994.7299999999984
1787623200,16.788,17.177,16.76,17.114,17.585,17.827,16.01,15.549,15.578810210715165,17.23087339024221,,,0,0,0,0,0,0,0,0,0,0,,,1,18348.43,,802263.96,806414.76,801540.42,803470.35,3430.1199999999953,,,-994.7299999999984,6267.990000000002,-1162.5199999999984,2306.3200000000006
1787625000,17.114,17.118,16.794,16.81,17.585,17.827,16.01,15.549,15.578810210715165,17.231653862367764,,,0,0,0,0,0,0,0,0,0,0,,,1,9075.74,,803056.96,803116.68,799395.4,799399.82,-2592.7399999999907,,,2306.3200000000006,4496.540000000001,1301.0100000000007,2070.1400000000003
1787626800,16.81,16.878,16.741,16.799,17.585,17.827,16.01,15.549,15.578810210715165,17.229707157912923,,,0,0,0,0,0,0,0,0,0,0,,,1,3593.42,,799399.64,800519.5,799399.64,800411.86,772.5299999999115,,,2070.1400000000003,3617.9900000000007,2070.1400000000003,3057.4400000000005
1787628600,16.799,16.815,16.619,16.643,17.177,17.585,16.01,15.549,15.578810210715165,17.228742360919142,,,0,1,0,0,0,0,0,0,0,0,,,1,5537.74,,800409.88,801050.66,799652.96,799685.26,-388.55999999993946,,,3057.4400000000005,3057.4400000000005,1280.3100000000002,1332.3200000000002
1787630400,16.643,16.872,16.598,16.792,17.177,17.585,16.01,15.549,15.578810210715165,17.22896076371063,,,0,0,0,0,0,0,0,0,0,0,,,1,6264.34,,799688.44,802739.11,799641.19,802716.22,-88.11999999999534,,,1332.3200000000002,2515.9500000000003,723.3100000000004,1501.58
1787632200,16.792,17.094,16.734,17.066,17.177,17.585,16.01,15.549,15.578810210715165,17.230392137731304,,,0,0,0,0,0,0,0,0,0,0,,,-1,9254.76,,802721.04,806474.22,802721.04,804506.08,-1474.420000000042,,,1501.58,3883.099999999999,856.7099999999998,2687.4399999999982
1787634000,17.066,17.374,17.048,17.261,17.585,17.827,16.01,15.549,15.578810210715165,17.42823555646478,,,0,0,0,0,0,0,0,0,0,0,,,-1,31711.77,,804507.52,830706.95,803768.77,830256.52,-1485.2399999999907,,,2687.4399999999982,29877.87,2582.269999999998,29329.03
1787635800,17.261,17.267,17.043,17.045,17.585,17.827,16.01,15.549,15.578810210715165,17.230561588145868,,,0,0,0,0,0,0,0,0,0,0,,,1,9389.55,,830257.78,832477.47,829767.88,829767.88,-2746.4899999999907,,,29329.03,30409.969999999998,27759.039999999997,28154
1787637600,17.045,17.218,17.045,17.105,17.585,17.827,16.01,15.549,15.578810210715165,17.229207188992593,,,0,0,0,0,0,0,0,0,0,0,,,1,6453.04,,829682.36,830591.37,828700.04,830546.42,692.0500000000466,,,28154,31428.370000000003,28154,30645.2
1787639400,17.105,17.112,16.921,16.967,17.374,17.585,16.01,15.549,15.578810210715165,17.42520667549312,,,0,0,0,0,0,0,0,0,0,0,,,1,5888.32,,830546.11,830613.38,828076.35,828249.74,-4545.5,,,30645.2,31545.02,29746.170000000002,31545.02
1787641200,16.967,17.13,16.935,17.11,17.374,17.585,16.01,15.549,15.578810210715165,17.424334770100753,,,0,0,0,0,0,0,0,0,0,0,,,1,4647.56,,828226.93,828226.93,827068,827750.56,-2092.710000000079,,,31545.02,32491.420000000002,31106.37,32432.620000000003
1787643000,17.11,17.11,16.621,16.69,17.374,17.585,16.01,15.549,15.578810210715165,17.427725143664986,,,0,0,0,0,0,0,0,0,0,0,,,1,18068.87,,827741.92,827898.68,822664.68,822684.32,-5577.8099999999395,,,32432.620000000003,32574.920000000002,21860.780000000002,21882.950000000004
1787644800,16.69,16.907,16.603,16.891,17.374,17.585,16.01,15.549,15.578810210715165,17.428230490546056,,,0,0,0,0,0,0,0,0,0,0,,,1,13131.88,,822656.51,823024.84,818520.74,822694.86,7198.150000000023,,,21882.950000000004,21882.950000000004,18093.440000000002,21779.070000000003
1787646600,16.891,16.96,16.825,16.876,17.374,17.585,16.01,15.549,15.578810210715165,17.426285455507053,,,0,0,0,0,0,0,0,0,0,0,,,1,7495.6,,822685.34,823095.42,817284.54,818060.68,945.5999999999767,,,21779.070000000003,22632.570000000003,18129.22,18363.15
1787648400,16.876,17.19,16.854,17.183,17.374,17.585,16.01,15.549,15.578810210715165,17.42735078011369,,,0,0,0,0,0,0,0,0,0,0,,,-1,10515.35,,818047.21,819697.29,818020.68,819144.52,1532.6199999999953,,,18363.15,23817.420000000002,18228.43,22969.020000000004
1787650200,17.183,17.254,17.011,17.063,17.374,17.585,16.01,15.549,15.578810210715165,17.307011438677,,,0,0,0,0,0,0,0,0,0,0,,,-1,25473.09,,819130.8,822230.49,815909.28,821272.64,-961.8800000000047,,,22969.020000000004,23401.030000000002,13672.380000000001,14275.19
1787652000,17.063,17.159,17.001,17.145,17.374,17.585,16.01,15.549,15.578810210715165,17.305482050200073,,,0,0,0,0,0,0,0,0,0,0,,,-1,7054.7,,821285.86,821285.86,818704.94,819481.86,-1229.0400000000373,,,14275.19,15186.750000000002,13228.77,15186.750000000002
1787653800,17.145,17.346,17.066,17.154,17.374,17.585,16.01,15.549,15.578810210715165,17.39780476090007,,,0,0,0,0,0,0,0,0,0,0,,,-1,12807.21,,819513.03,823621.33,819132.16,823195.35,2989.8300000000745,,,15186.750000000002,21512.07,14654.980000000001,19541.14
1787655600,17.154,17.179,16.964,16.996,17.374,17.585,16.01,15.549,15.578810210715165,17.397175849407205,,,0,0,0,0,0,0,0,0,0,0,,,-1,10066.76,,823220.98,823220.98,820422.62,820628.83,-6107.960000000079,,,19541.14,20413.41,16581.05,18126.38
1787657400,16.996,17.136,16.996,17.104,17.374,17.585,16.01,15.549,15.578810210715165,17.395520431592406,,,0,0,0,0,0,0,0,0,0,0,,,-1,7200.01,,820655.33,824180.96,820542.84,824180.96,-14.289999999920838,,,18126.38,20175.33,17542.49,20175.33
1787659200,17.104,17.303,17.011,17.284,17.36,17.585,16.01,15.549,15.578810210715165,17.396154686478663,,,0,0,0,0,0,0,0,0,0,0,,,-1,15047.87,,824183.96,824183.96,822486.96,823069.64,502.04999999993015,,,20175.33,20374.4,16776.24,17747.980000000003
1787661000,17.284,17.48,17.25,17.351,17.585,17.827,16.01,15.549,15.578810210715165,17.529857923158758,,,0,0,0,0,0,0,0,0,0,0,,,-1,26055.78,,823084.2,836454.26,823078.2,836341.28,5178.180000000051,,,17747.980000000003,31598.960000000003,16947.74,29400.84
1787662800,17.351,17.419,17.07,17.243,17.585,17.827,16.01,15.549,15.578810210715165,17.397282357218845,,,0,0,0,0,0,0,0,0,0,0,,,1,35867.13,,836306.47,848012.87,835965.53,836199,-8959.619999999995,,,29400.84,30129.6,1386.9099999999999,1670.2700000000004
1787664600,17.243,17.759,17.23,17.601,17.827,,16.01,15.549,15.578810210715165,17.81417647456036,,,0,0,0,0,0,0,0,0,0,0,,,1,53861.85,,836205.92,849645.4,836205.92,848768.25,7734.159999999916,,,1670.2700000000004,26679.710000000003,1670.2700000000004,23858.400000000005
1787666400,17.601,18.183,17.561,18.109,,,16.964,16.6005,,,,,0,0,0,0,0,0,0,0,0,0,,,1,61386.11,,848763.72,874203.34,848763.72,872693.74,28567.340000000084,,,23858.400000000005,37087.22,20234.100000000006,33300.17
1787668200,18.109,18.574,18.003,18.244,,,16.964,16.6005,,,,,0,0,0,0,0,0,0,0,0,0,,,1,105529.89,,873135.97,925836.65,869713.64,904100.6,4495.829999999958,,,33300.17,56130.59,14327.09,17854.180000000008
1787670000,18.244,18.254,17.958,18.204,,,16.964,16.6005,,,,,0,0,0,0,0,0,0,0,0,0,,,1,42800.45,,904027.51,904044.21,875848.01,875848.01,-3173.140000000014,,,17854.180000000008,19026.690000000006,7693.890000000007,19026.690000000006
1787671800,18.204,18.45,18.136,18.32,,,16.964,16.6005,,,,,0,0,0,0,0,0,0,0,0,0,,,1,16086.2,,875770.78,878789.23,874638.36,876978.13,1274.2099999999627,,,19026.690000000006,28581.420000000006,18901.610000000004,28203.730000000003
1787673600,18.32,18.468,18.214,18.292,18.574,,16.964,16.6005,19.674793518776944,17.007331048876697,,,0,0,1,0,0,0,0,0,0,0,,,1,16773.18,,876688,877399.24,870122.72,870216.42,4451.020000000019,,,28203.730000000003,29396.610000000004,20394.620000000003,20443.210000000003
1787675400,18.292,18.44,18.094,18.114,18.574,,16.964,16.6005,19.409993518776943,17.006864545385504,,,0,0,0,0,0,0,0,0,0,0,,,1,18317.52,,870224.12,871497.84,867679.52,867690.42,936.9600000000792,,,20443.210000000003,24480.250000000004,16393.760000000002,16690.95
1787677200,18.114,18.21,17.808,17.814,18.574,,16.964,16.6005,19.212393518776942,17.165631363572256,,,0,0,0,0,0,0,0,0,0,0,,,1,19202.02,,867986.72,870097.89,864344.71,864606.83,-1635.8800000000047,,,16690.95,17345.56,9532.370000000003,9532.370000000003
1787679000,17.814,17.94,17.637,17.912,18.574,,16.964,16.6005,19.26439351877694,17.496900551888523,,,0,0,0,0,0,0,0,0,0,0,,,1,28030.23,,864359.22,866923.11,861624.88,865891.14,3025.54999999993,,,9532.370000000003,10552.61,-157.5199999999968,9001.619999999999
1787680800,17.912,18.125,17.787,18.125,18.574,,16.964,16.6005,19.26439351877694,17.572650512467913,,,0,0,0,0,0,0,0,0,0,0,,,1,10574.86,,865898.11,868725.42,865716.21,868720.06,-463.45999999996275,,,9001.619999999999,13430.559999999998,7546.939999999999,13430.559999999998
1787682600,18.125,18.164,17.917,18.024,18.574,,16.964,16.6005,19.26439351877694,17.57371833300592,,,0,0,0,0,0,0,0,0,0,0,,,1,24357.97,,868715.82,870738.77,862075.23,866356.9,-537.4400000000605,,,13430.559999999998,16203.249999999998,-106.11000000000422,176.22999999999593
1787684400,18.024,18.244,17.839,17.851,18.574,,17.637,16.964,19.241993518776944,17.572452737791213,,,0,0,0,0,0,0,0,0,0,0,,,1,23550.14,,866357.13,867936.31,864051.84,864296.52,7730.920000000042,,,176.22999999999593,10844.519999999995,-164.4200000000041,4030.6099999999933
1787686200,17.851,17.87,17.509,17.634,18.574,,16.964,16.6005,19.187593518776943,17.443906113663267,,,0,0,0,0,0,0,0,0,0,0,,,1,25650.99,,864194.82,864194.82,855534.66,855803.16,-972.1500000000233,,,4030.6099999999933,4030.6099999999933,-6213.440000000006,-4455.480000000009
1787688000,17.634,17.844,17.516,17.768,18.574,,16.964,16.6005,19.187593518776943,17.57186996268732,,,0,0,0,0,0,0,0,0,0,0,,,1,9777.7,,855727.4,855727.4,853425.89,854058.34,1646.1500000000233,,,-4455.480000000009,677.7199999999903,-4455.480000000009,45.89999999999054
1787689800,17.768,17.768,17.142,17.264,18.574,,16.964,16.6005,19.48119351877694,17.072579251066795,,,0,0,0,0,0,0,0,0,0,0,,,-1,28279.99,,853927.52,853978.2,844560.4,846638.64,-5150.5599999999395,,,45.89999999999054,750.4199999999905,-11863.13000000001,-7406.37000000001
1787691600,17.264,17.342,17.023,17.259,18.574,,16.964,16.6005,19.576393518776943,16.953980733133452,,,0,0,0,0,0,0,0,0,0,0,,,-1,21131.1,,846557.44,848029.07,842136.04,842700.52,-3678.820000000065,,,-7406.37000000001,-6248.21000000001,-16135.370000000008,-14942.430000000008
1787693400,17.259,17.54,17.238,17.519,18.574,,16.964,16.6005,19.576393518776943,16.954596395052494,,,0,0,0,0,0,0,0,0,0,0,,,-1,16604.14,,842662.12,846944.8,841999.84,846481.98,-1619.219999999972,,,-14942.430000000008,-9176.200000000008,-14942.430000000008,-9709.450000000008
1787695200,17.519,17.648,17.434,17.494,18.574,,16.964,16.6005,19.277193518776944,16.956425223977316,,,0,0,0,0,0,0,0,0,0,0,,,-1,9398.56,,846495.6,849198.7,845453.61,848794.5,1045.1500000000233,,,-9709.450000000008,-5097.600000000008,-9709.450000000008,-5635.710000000006
1787697000,17.494,17.583,17.357,17.564,18.574,,16.993499999999997,16.6005,19.256393518776942,16.95795199369322,,,0,0,0,0,0,0,0,0,0,0,,,-1,8637.79,,848784.86,851322.52,848048.73,851134.68,89.88000000000466,,,-5635.710000000006,-442.2200000000048,-6605.6300000000065,-650.1600000000053
1787698800,17.564,17.594,17.372,17.447,18.574,,16.993499999999997,16.6005,19.195593518776942,16.959426851286562,,,0,0,0,0,0,0,0,0,0,0,,,-1,7030.31,,851141.83,857078.14,851141.83,856852.56,-669.859999999986,,,-650.1600000000053,-650.1600000000053,-4877.410000000005,-4233.690000000007
1787700600,17.447,17.447,17.189,17.354,18.574,,16.993499999999997,16.6005,19.14837535207362,16.960282076194666,,,0,0,0,0,0,0,0,0,0,0,,,-1,9546.97,,856851.71,856888.64,853610.28,853610.28,-924.0700000000652,,,-4233.690000000007,-4203.350000000007,-12367.380000000008,-11859.400000000009
1787702400,17.354,17.608,17.321,17.493,18.574,,16.993499999999997,16.6005,19.145051649695286,16.960661927895046,,,0,0,0,0,0,0,0,0,0,0,,,-1,11176.81,,853620,859194.18,853597.09,859194.18,3222.320000000065,,,0,4632.12,-46.94,4373.35
1787704200,17.493,17.649,17.385,17.588,18.574,,16.993499999999997,16.6005,19.13909035462969,16.961343218759687,,,0,0,0,0,0,0,0,0,0,0,,,-1,5103.68,,859193.72,860261.33,859192.64,860221.02,1451.829999999958,,,4373.35,6500.6900000000005,3747.4000000000005,5993.630000000001
1787706000,17.588,17.715,17.52,17.568,18.574,,17.189,16.993499999999997,19.124929866354496,17.128961560276853,,,0,0,0,0,0,0,0,0,0,0,,,-1,4284.38,,860219.92,860253.77,859561.6,860065.68,126.15000000002328,,,5993.630000000001,7737.080000000001,5874.700000000001,7353.790000000001
1787707800,17.568,17.735,17.491,17.614,18.574,,17.189,16.993499999999997,19.117905841527527,17.129764305971364,,,0,0,0,0,0,0,0,0,0,0,,,-1,5511.15,,860065.78,860995.16,858864.1,858893.12,-1571.2000000000698,,,7353.790000000001,8008.450000000001,5268.92,6647.18
1787709600,17.614,17.629,17.446,17.511,18.574,,17.189,16.993499999999997,19.103758532759628,17.131381141259123,,,0,0,0,0,0,0,0,0,0,0,,,-1,3584.74,,858863.34,859065.14,858198.63,858723.6,1130.6600000000326,,,6647.18,6647.18,4846.35,4982
1787711400,17.511,17.658,17.369,17.39,18.574,,17.189,16.993499999999997,19.10387174604658,17.131368202597756,,,0,0,0,0,0,0,0,0,0,0,,,-1,8161.96,,858721.82,860334.38,857509.46,857509.46,-757.1500000000233,,,4982,5672.21,-94.22000000000116,230.5599999999995
1787713200,17.39,17.491,17.259,17.28,18.574,,17.189,16.993499999999997,19.096851872670175,17.132170473840773,,,0,0,0,0,0,0,0,0,0,0,,,-1,6011.58,,857521.44,859338.88,857010.53,858469.66,-1805.7299999999814,,,230.5599999999995,1095.6299999999994,-1572.6000000000006,-1457.7200000000007
1787715000,17.28,17.28,16.863,17.049,18.574,,16.6005,16.01,19.297193518776943,16.804272582852146,,,0,0,0,0,0,0,0,0,0,0,,,-1,39338.8,,858512.83,858763.95,847641.74,850000.38,-3523.640000000014,,,-1457.7200000000007,-1457.7200000000007,-22581.030000000002,-16634.64
1787716800,17.049,17.381,16.985,17.324,18.574,,16.6005,16.01,19.297193518776943,16.802810255505563,,,0,0,0,0,0,0,0,0,0,0,,,-1,17073.27,,849999.9,859708.52,849642,858682.48,6917.229999999981,,,-16634.64,-9413.97,-17828.38,-12577.71
1787718600,17.324,17.364,17.167,17.261,18.574,,16.6005,16.01,19.235593518776945,16.804295237255168,,,0,0,0,0,0,0,0,0,0,0,,,-1,6596.28,,858638.56,858936.54,856509.3,856520.08,127.02000000001863,,,-12577.71,-11269.14,-13634.859999999999,-13222.25
1787720400,17.261,17.315,17.137,17.277,18.574,,16.863,16.6005,19.235593518776945,16.805945577451226,,,0,0,0,0,0,0,0,0,0,0,,,-1,3962.55,,856474.58,856531.46,855182.02,855222.22,-569.7399999999907,,,-13222.25,-12620.69,-13464.34,-12632.64
1787722200,17.277,17.346,17.211,17.275,18.574,,16.863,16.6005,19.101993518776943,16.808092321918995,,,0,0,0,0,0,0,0,0,0,0,,,-1,2868.31,,855223.6,855914.56,855044.48,855547.26,791.609999999986,,,-12632.64,-12509.619999999999,-13236.06,-12657.109999999999
1787724000,17.275,17.336,17.11,17.116,18.574,,16.863,16.6005,19.0739684031851,16.80878572749621,,,0,0,0,0,0,0,0,0,0,0,,,-1,3336.71,,855540.46,855540.46,854165.94,854378.38,-1451.9199999999255,,,-12657.109999999999,-12657.109999999999,-14620.779999999999,-14620.779999999999
1787725800,17.116,17.233,17.036,17.233,18.574,,16.863,16.6005,19.064709482870228,16.80984388981791,,,0,0,0,0,0,0,0,0,0,0,,,-1,4375.88,,854367.34,854386.94,852444.8,852526.46,-252.15000000002328,,,-14620.779999999999,-14620.779999999999,-17042.26,-16053.619999999999
1787727600,17.233,17.648,17.117,17.55,18.574,,16.863,16.6005,19.097861914006423,16.806055040545203,,,0,0,0,0,0,0,0,0,0,0,,,-1,20073.05,,852523.54,859105,849877.9,859081.62,3684.8800000000047,,,-16053.619999999999,-1205.569999999998,-16568.42,-1572.0899999999983
1787729400,17.55,17.6,17.348,17.355,18.574,,16.863,16.6005,19.093771314347176,16.806522537649116,,,0,0,0,0,0,0,0,0,0,0,,,-1,11374.96,,859120.38,859174.96,854597.48,854597.48,-4664.150000000023,,,-1572.0899999999983,-49.00999999999817,-5844.689999999996,-5844.689999999996
1787731200,17.355,17.384,17.218,17.253,18.574,,17.036,16.863,19.08919351877694,16.981185213531322,,,0,0,0,0,0,0,0,0,0,0,,,-1,10701.85,,854597.6,855014.69,849447.4,849447.4,-879.0899999999674,,,-5844.689999999996,-5844.689999999996,-11710.429999999997,-11508.839999999997
1787733000,17.253,17.351,17.137,17.179,18.574,,17.036,16.863,19.08919351877694,16.9820434125648,,,0,0,0,0,0,0,0,0,0,0,,,-1,8821.74,,849465.31,851180.7,849389.2,849392.82,-2190.7399999999907,,,-11508.839999999997,-10434.249999999996,-12894.589999999997,-10575.619999999995
1787734800,17.179,17.246,16.99,17.046,18.574,,16.863,16.6005,19.125993518776944,16.982240311667315,,,0,0,0,0,0,0,0,0,0,0,,,-1,7311.86,,849404.28,849404.28,845578.14,845578.14,-1358.280000000028,,,-10575.619999999995,-9497.109999999995,-12975.449999999995,-12163.739999999996
1787736600,17.046,17.085,16.883,17.009,18.574,,16.863,16.6005,19.211593518776944,16.83019457511965,,,0,0,0,0,0,0,0,0,0,0,,,-1,16007.91,,845594.22,845973.6,840077.06,840077.06,-659.8399999999674,,,-12163.739999999996,-12163.739999999996,-23442.679999999993,-22612.789999999994
1787738400,17.009,17.156,16.968,17.038,18.574,,16.863,16.6005,19.173193518776944,16.984280676896816,,,0,0,0,0,0,0,0,0,0,0,,,-1,10046.25,,840076.71,842868.8,839601.24,841825.06,1636.6999999999534,,,-22612.789999999994,-19844.889999999992,-22846.649999999994,-20683.639999999992
1787740200,17.038,17.208,17.038,17.156,18.574,,16.863,16.6005,19.04106301899031,16.98554634283276,,,0,0,0,0,0,0,0,0,0,0,,,-1,7375.8,,841453.28,842312.16,841310.84,842116.94,-1184.9100000000326,,,-20683.639999999992,-17787.249999999993,-20697.98999999999,-19667.75999999999
1787742000,17.156,17.294,17.114,17.136,18.574,,16.872999999999998,16.6005,19.032029483260782,16.83357874691613,,,0,0,0,0,0,0,0,0,0,0,,,-1,10135.69,,842128.26,842687.58,839556.62,839728.54,-2583.1600000000326,,,-19667.75999999999,-18402.069999999992,-22081.66999999999,-21863.00999999999
1787743800,17.136,17.142,17.015,17.092,18.574,,16.872999999999998,16.6005,19.017016200083365,16.835294550707836,,,0,0,0,0,0,0,0,0,0,0,,,-1,4023.08,,839725.03,839804.52,838542.46,838870.62,-2784.149999999907,,,-21863.00999999999,-21863.00999999999,-23065.01999999999,-22383.229999999992
1787745600,17.092,17.375,16.816,17.375,18.574,,16.6005,16.01,19.057075294275766,16.83071636851442,,,0,0,0,0,0,0,0,0,0,0,,,-1,21058.72,,838867.44,842038.76,834361.44,842038.76,4797.929999999935,,,-22383.229999999992,-16274.209999999992,-28513.80999999999,-16274.209999999992
1787747400,17.375,17.395,17.072,17.078,18.574,,16.6005,16.01,19.064773024597276,16.829836627906246,,,0,0,0,0,0,0,0,0,0,0,,,-1,18026.48,,841963.16,855717.38,841411.11,855406.28,101.48999999999069,,,-16274.209999999992,-16274.209999999992,-29144.16999999999,-29144.16999999999
1787749200,17.078,17.156,16.917,16.948,17.648,17.735,16.6005,16.01,,,,,0,0,0,0,0,0,0,0,0,0,,,-1,12724.99,,855355.04,855470.04,850927.66,851593.3,-3379.5599999999395,,,-29144.16999999999,-28833.26999999999,-34314.52999999999,-32028.35999999999
1787751000,16.948,17.202,16.928,17.094,17.648,17.735,16.816,16.6005,,,,,0,0,0,0,0,0,0,0,0,0,,,-1,7321.01,,851470.11,851862.7,850637.16,850779.08,-958.6500000000233,,,-32028.35999999999,-29849.05999999999,-32163.71999999999,-31849.30999999999
1787752800,17.094,17.189,16.84,16.903,17.395,17.648,16.816,16.6005,,,,,0,0,0,0,0,0,0,0,0,0,,,-1,13445.62,,850768.88,851513.62,846735.98,846735.98,201.25,,,-31849.30999999999,-30903.68999999999,-41368.71999999999,-40919.249999999985
1787754600,16.903,16.963,16.6,16.674,17.395,17.648,16.6005,16.01,16.03929528094018,17.450449220907164,,,0,0,0,1,0,0,0,0,0,0,,,-1,31309.67,,846587.6,847111.37,834015.58,834015.58,-1483.7700000000186,,,-40919.249999999985,-40253.14999999999,-59046.289999999986,-54387.419999999984
1787756400,16.674,16.947,16.479,16.929,17.395,17.648,,16.01,16.03929528094018,17.453174276556652,,,0,0,0,0,0,0,0,0,0,1,,,-1,33424.42,,833830.56,833833.68,828251.47,832088.19,1189.920000000042,,,-54387.419999999984,-54087.14999999999,-70923.62999999998,-65825.13999999998
1787758200,16.929,17.095,16.89,16.942,17.395,17.648,,16.01,16.03929528094018,17.45194754251689,,,0,0,0,0,0,0,0,0,0,0,,,-1,16181.7,,832029.1,837466.35,832029.1,835058.44,-3128.5400000000373,,,-65825.13999999998,-57438.389999999985,-65825.13999999998,-59451.039999999986
1787760000,16.942,16.963,16.744,16.878,17.395,17.648,,16.01,16.03929528094018,17.451008432337115,,,0,0,0,0,0,0,0,0,0,0,,,-1,18571.63,,835064.22,835191.86,827046.12,827046.12,-5417.660000000033,,,-59451.039999999986,-59237.349999999984,-69605.59999999999,-68438.68999999999
1787761800,16.878,16.903,16.703,16.76,17.395,17.648,,16.01,16.03929528094018,17.449864972884463,,,0,0,0,0,0,0,0,0,0,0,,,-1,8831.37,,827037.6,827096.9,822680.88,822680.88,263.85000000009313,,,-68438.68999999999,-68438.68999999999,-72392.36999999998,-71824.63999999998
1787763600,16.76,16.952,16.698,16.886,17.395,17.648,,16.01,16.083507803781576,17.25657461767843,,,0,0,0,0,0,0,0,0,0,0,,,-1,8638.15,,822657.47,822973.06,821139.12,822534.5,6314.159999999916,,,-71824.63999999998,-68526.09999999999,-73003.94999999998,-68679.08999999998
1787765400,16.886,17.019,16.88,17.003,17.395,17.648,,16.01,16.083507803781576,17.241662144987114,,,0,0,0,0,0,0,0,0,0,0,,,-1,5295.49,,822496.17,822528.98,821543.4,822287.03,-2162.9599999999627,,,-68679.08999999998,-66213.07999999999,-68679.08999999998,-66213.07999999999
1787767200,17.003,17.109,16.967,17.101,17.395,17.648,,16.01,16.130677875761272,17.159929134630893,,,0,0,0,0,0,0,0,0,0,0,,,-1,8497.37,,822287.94,822619.41,821849.45,822299.23,-2204.4499999999534,,,-66213.07999999999,-63458.98999999999,-66460.08999999998,-63458.98999999999
1787769000,17.101,17.13,16.933,16.991,17.395,17.648,,16.01,16.13788358490558,17.1801056250144,,,0,0,0,0,0,0,0,0,0,0,,,-1,11464.58,,822386.58,825123.02,821533.32,821867.1,1006.1899999999441,,,-63458.98999999999,-62864.53999999999,-69391.13999999998,-68075.29
1787770800,16.991,17.066,16.869,17.066,17.395,17.648,,16.01,16.14457460053958,17.17934093751337,,,0,0,0,0,0,0,0,0,0,0,,,-1,6918.24,,821866.82,822210.02,820419.2,821386.06,-4765.890000000014,,,-68075.29,-66476.32999999999,-69513.29,-66476.32999999999
1787772600,17.066,17.078,16.9,17.036,17.395,17.648,,16.01,16.153162686485437,17.1783594419767,,,0,0,0,0,0,0,0,0,0,0,,,-1,7582.01,,821395,821395,818887.14,819240.66,-1157.5100000000093,,,-66476.32999999999,-66476.32999999999,-71816.46999999999,-71588.18
1787774400,17.036,17.34,17.013,17.285,17.395,17.648,,16.01,16.142512337720877,17.38957662469265,,,0,0,0,0,0,0,0,0,0,0,,,-1,13349.97,,819239.28,823472.46,819224.05,821751.4,-2687.6199999999953,,,-71588.18,-64702.10999999999,-71656.81999999999,-65766.31
1787776200,17.285,17.418,17.222,17.384,17.648,17.735,,16.01,16.137107803781575,17.466835437214606,,,0,0,0,0,0,0,0,0,0,0,,,1,4318.78,,821744.2,821846.16,820475.3,820620.52,844.6199999999953,,,-65766.31,-64488.35,-66296.39,-64675.409999999996
1787778000,17.384,17.617,17.375,17.606,17.648,17.735,16.869,16.698,,,,,0,0,0,0,0,0,0,0,0,0,,,1,10105.24,,820624.54,822798.2,820623.14,822789.04,143.64000000001397,,,-64675.409999999996,-59837.17,-64675.409999999996,-59837.17
1787779800,17.606,17.83,17.576,17.793,18.244,18.574,16.869,16.698,,,,,0,0,0,0,0,0,0,0,0,0,,,1,15744.68,,822789.8,824585.74,821507.99,823948.08,-3300.5200000000186,,,-59837.17,-53236.08,-60268.909999999996,-54046.89
1787781600,17.793,17.997,17.783,17.88,18.244,18.574,16.869,16.698,,,,,0,0,0,0,0,0,0,0,0,0,,,1,14783.63,,823910.92,823910.92,816699.81,818375.36,-1585.2299999999814,,,-54046.89,-49234.8,-54149.14,-54149.14
1787783400,17.88,17.915,17.687,17.741,18.244,18.574,16.869,16.698,,,,,0,0,0,0,0,0,0,0,0,0,,,1,7754.48,,818575.68,818575.68,815939.41,816806.64,2066.25,,,-54149.14,-53732.13,-55728.27,-54687.38
1787785200,17.741,17.75,17.564,17.689,18.244,18.574,16.869,16.698,,,,,0,0,0,0,0,0,0,0,0,0,,,1,18828.66,,816801.8,820521.18,815839.72,816554.38,4422.810000000056,,,-54687.38,-45564.899999999994,-56705.579999999994,-45922.64
1787787000,17.689,17.828,17.655,17.795,17.997,18.244,16.869,16.698,,,,,0,0,0,0,0,0,0,0,0,0,,,1,3509.08,,816554.72,817882.24,816466.82,817781.66,2253.0999999999767,,,-45922.64,-44709.52,-46015,-44852.22
1787788800,17.795,17.801,17.569,17.604,17.997,18.244,16.869,16.698,,,,,0,0,0,0,0,0,0,0,0,0,,,1,6243.67,,817898.26,818194.88,816062.62,816127.96,1737.4000000000233,,,0,430.8399999999999,-1213.9399999999996,-954.7099999999996
1787790600,17.604,17.605,17.427,17.448,17.997,18.244,16.869,16.698,,,,,0,0,0,0,0,0,0,0,0,0,,,1,7375.66,,816126.33,816131.58,810657.12,810657.12,-3510.4899999999907,,,-954.7099999999996,-954.7099999999996,-5692.58,-5026.630000000001
1787792400,17.448,17.604,17.44,17.555,17.997,18.244,16.869,16.698,,,,,0,0,0,0,0,0,0,0,0,0,,,1,3636.48,,810640.32,810645.95,808451.56,808459.44,-1678.6000000000931,,,-5026.630000000001,-4654.730000000001,-6754.320000000001,-6245.450000000001
1787794200,17.555,17.634,17.404,17.537,17.997,18.244,16.869,16.698,,,,,0,0,0,0,0,0,0,0,0,0,,,1,2662.89,,808461.42,808461.42,807401.16,807401.16,875.5800000000745,,,-6245.450000000001,-6034.1,-7046.7300000000005,-6421.220000000001
1787796000,17.537,17.631,17.361,17.391,17.997,18.244,16.869,16.698,,,,,0,0,0,0,0,0,0,0,0,0,,,1,5186.31,,807405.43,807405.43,805584.92,805584.92,267.54999999993015,,,-6421.220000000001,-6179.0700000000015,-9835.720000000001,-9737.870000000003
1787797800,17.391,17.635,17.391,17.615,17.997,18.244,16.869,16.698,,,,,0,0,0,0,0,0,0,0,0,0,,,1,4091.9,,805578.36,805578.36,803569.32,804947.27,-223.61999999999534,,,-9737.870000000003,-7994.6600000000035,-10210.220000000003,-8053.430000000004
1787799600,17.615,17.829,17.516,17.809,17.997,18.244,16.869,16.698,,,,,0,0,0,0,0,0,0,0,0,0,,,1,9192,,804951.36,808578.46,804736.57,808578.46,1860.6500000000233,,,-8053.430000000004,-6037.510000000004,-8454.960000000005,-6725.850000000004
1787801400,17.809,18.207,17.784,18.005,18.244,18.574,17.361,16.869,,,,,0,0,0,0,0,0,0,0,0,0,,,1,12272.45,,808594.08,812817.38,808539.67,810833.74,7932.760000000009,,,-6725.850000000004,-951.0500000000038,-6918.040000000004,-2544.0400000000045
1787803200,18.005,18.149,17.935,18.106,18.244,18.574,17.361,16.869,,,,,0,0,0,0,0,0,0,0,0,0,,,1,7201.08,,810834.46,810887.18,808532.92,809248.48,5180.089999999967,,,-2544.0400000000045,-1701.9300000000044,-3142.7900000000045,-2571.2800000000047
1787805000,18.106,18.246,18.095,18.186,18.244,18.574,17.361,16.869,,,,,0,0,0,0,0,0,0,0,0,0,,,1,11661.03,,809250.96,815428.6,809152.24,814952.28,2837.430000000051,,,-2571.2800000000047,-206.36000000000467,-3579.7700000000045,-2520.450000000005
1787806800,18.186,18.199,18.007,18.068,18.244,18.574,17.361,16.869,,,,,0,0,0,0,0,0,0,0,0,0,,,1,8408.72,,814929.76,818815.24,814894.68,816400.94,2514.79999999993,,,-2520.450000000005,-2520.450000000005,-5769.660000000005,-5538.010000000006
1787808600,18.068,18.36,18.029,18.248,18.574,,17.361,16.869,,,,,0,0,0,0,0,0,0,0,0,0,,,1,7831.56,,816389.48,818540.94,816009.4,818015.98,16088.650000000023,,,-5538.010000000006,-1212.7600000000066,-5580.5000000000055,-2676.3300000000067
1787810400,18.248,18.333,17.996,18.021,18.574,,17.361,16.869,,,,,0,0,0,0,0,0,0,0,0,0,,,1,14067.3,,817907.62,818055.7,809378.79,809382.02,-611.6799999999348,,,-2676.3300000000067,-1774.1800000000067,-13071.430000000008,-13071.430000000008
1787812200,18.021,18.083,17.852,17.89,18.574,,17.361,16.869,,,,,0,0,0,0,0,0,0,0,0,0,,,1,7307.27,,809350.44,809549.72,808408.2,808725.16,-5881.910000000033,,,-13071.430000000008,-12550.840000000007,-15094.780000000006,-15066.500000000007
1787814000,17.89,18.144,17.873,18.017,18.36,18.574,17.361,16.869,,,,,0,0,0,0,0,0,0,0,0,0,,,1,10775.54,,808674.12,810082.1,808072.18,809999.9,3095.2099999999627,,,-15066.500000000007,-11936.920000000007,-18864.340000000007,-18712.22000000001
1787815800,18.017,18.185,18.01,18.091,18.36,18.574,17.361,16.869,,,,,0,0,0,0,0,0,0,0,0,0,,,1,2859.33,,809997.84,810975.1,809987.84,810923.04,-135.0799999999581,,,-18712.22000000001,-17368.750000000007,-18712.22000000001,-17594.910000000007
1787817600,18.091,18.231,17.926,18.168,18.36,18.574,17.852,17.361,,,,,0,0,0,0,0,0,0,0,0,0,,,1,20017.36,,810915.5,812303.38,805485.38,805485.38,1457.829999999958,,,-17594.910000000007,-15404.680000000008,-25893.310000000005,-24495.55000000001
1787819400,18.168,18.275,18.085,18.201,18.36,18.574,17.852,17.361,,,,,0,0,0,0,0,0,0,0,0,0,,,1,10227.1,,805455.45,805455.45,802743.79,804846.2,-2915.219999999972,,,-24495.55000000001,-22164.93000000001,-24742.25000000001,-23812.33000000001
1787821200,18.201,18.545,18.102,18.508,18.574,,17.852,17.361,,,,,0,0,0,0,0,0,0,0,0,0,,,1,14158.49,,804833.9,807222.54,804458.75,807208.88,3842.9100000000326,,,-23812.33000000001,-17442.360000000008,-24465.81000000001,-17442.360000000008
1787823000,18.508,18.574,18.371,18.463,18.574,,17.852,17.361,,,,,0,0,0,0,0,0,0,0,0,0,,,1,10074.92,,807230.78,812611.12,807222.32,812047.38,704.0499999999302,,,-17442.360000000008,-17181.070000000007,-19708.90000000001,-19204.320000000007
1787824800,18.463,18.474,18.142,18.212,18.574,,17.852,17.361,,,,,0,0,0,0,0,0,0,0,0,0,,,1,9106.03,,812040.92,812040.92,810116.84,811514.2,-5100.229999999981,,,-19204.320000000007,-19204.320000000007,-22741.97000000001,-22041.350000000006
1787826600,18.212,18.249,18.075,18.14,18.574,,17.852,17.361,,,,,0,0,0,0,0,0,0,0,0,0,,,1,7361.73,,811715.24,811906.04,810471.36,811065.55,-922.1999999999534,,,-22041.350000000006,-21032.470000000005,-23210.660000000007,-22804.560000000005
1787828400,18.14,18.238,18.113,18.131,18.574,,17.852,17.361,,,,,0,0,0,0,0,0,0,0,0,0,,,1,3779.2,,810874,812281.02,810736.92,812281.02,-700.6700000000419,,,-22804.560000000005,-20377.590000000004,-22873.590000000004,-20515.140000000007
1787830200,18.131,18.25,18.065,18.205,18.574,,17.852,17.361,,,,,0,0,0,0,0,0,0,0,0,0,,,1,2431.75,,812271.72,812983.56,812117.36,812852.96,1110.640000000014,,,-20515.140000000007,-19868.520000000008,-20646.480000000007,-19959.510000000006
1787832000,18.205,18.327,18.171,18.25,18.574,,17.852,17.361,,,,,0,0,0,0,0,0,0,0,0,0,,,1,3163.25,,812858.54,813531.56,812844.9,813510.82,514.4100000000326,,,-19959.510000000006,-19039.230000000007,-19977.970000000005,-19376.960000000006
1787833800,18.25,18.652,18.033,18.484,,,17.852,17.361,,,,,0,0,0,0,0,0,0,0,0,0,,,1,15939.8,,813564.78,817475.33,813197.06,817303.38,2344.5100000000093,,,-19376.960000000006,-14529.760000000006,-20424.680000000008,-14790.160000000003
1787835600,18.484,18.552,18.328,18.53,,,17.852,17.361,,,,,0,0,0,0,0,0,0,0,0,0,,,1,10524.42,,817306.24,822818.75,817292.63,822289.4,2934.2299999999814,,,-14790.160000000003,-14790.160000000003,-17593.480000000003,-15761.040000000005
1787837400,18.53,18.536,18.252,18.391,,,17.852,17.361,,,,,0,0,0,0,0,0,0,0,0,0,,,1,8439.5,,822374.29,823283.71,821679.9,823202.14,-968.3000000000466,,,-15761.040000000005,-15683.690000000004,-17617.200000000004,-16755.220000000005
1787839200,18.391,18.391,18.143,18.235,18.652,,18.033,17.852,,,,,0,0,0,0,0,0,0,0,0,0,,,1,6307.88,,823194,823194.31,820960.09,821011.58,-5039.819999999949,,,-16755.220000000005,-16535.160000000003,-18743.250000000004,-18670.480000000003
1787841000,18.235,18.349,18.172,18.207,18.652,,18.033,17.852,,,,,0,0,0,0,0,0,0,0,0,0,,,1,4454.35,,821003.22,822127.92,820976.08,821921.56,-3200.2700000000186,,,-18670.480000000003,-17078.980000000003,-18706.500000000004,-17938.870000000003
1787842800,18.207,18.358,18.011,18.154,18.652,,17.852,17.361,,,,,0,0,0,0,0,0,0,0,0,0,,,1,17465.42,,821981.1,822199.78,817896.62,817896.62,-11796.040000000037,,,-17938.870000000003,-17430.570000000003,-26742.28,-25861.41
1787844600,18.154,18.204,18.043,18.082,18.652,,17.852,17.361,,,,,0,0,0,0,0,0,0,0,0,0,,,1,5699.17,,817902.86,817902.86,813543.98,813847.54,-5449.189999999944,,,-25861.41,-25861.41,-27981.11,-27521.88
1787846400,18.082,18.198,17.952,18.085,18.652,,17.852,17.361,,,,,0,0,0,0,0,0,0,0,0,0,,,-1,14001.58,,813895.12,814290.27,808305.45,808821.1,-14797.430000000051,,,-27521.88,-25562.09,-29242.84,-26456.18
1787848200,18.085,18.511,18.061,18.497,18.652,,17.852,17.361,,,,,0,0,0,0,0,0,0,0,0,0,,,-1,15705.23,,808672.3,808710.7,804364.69,804436.41,12138.090000000084,,,-26456.18,-22615.420000000002,-27268.170000000002,-24004.489999999998
1787850000,18.497,18.537,18.354,18.409,18.652,,17.852,17.361,,,,,0,0,0,0,0,0,0,0,0,0,,,-1,12758.81,,803985.24,803985.24,797867.88,797867.88,-1592.240000000107,,,-24004.489999999998,-23027.87,-26655.659999999996,-26440.579999999998
1787851800,18.409,18.506,18.249,18.266,18.652,,17.952,17.852,,,,,0,0,0,0,0,0,0,0,0,0,,,-1,6476.72,,797847.56,797963.8,795375.06,795375.06,-2774.359999999986,,,-26440.579999999998,-26030.46,-28053.899999999998,-28053.899999999998
1787853600,18.266,18.308,18.16,18.239,18.652,,17.952,17.852,,,,,0,0,0,0,0,0,0,0,0,0,,,-1,8588.26,,795371.72,796421.14,794440.54,795937.96,-6933.380000000005,,,-28053.899999999998,-27456.159999999996,-30767.17,-30097.26
1787855400,18.239,18.308,18.164,18.302,18.537,18.652,17.952,17.852,,,,,0,0,0,0,0,0,0,0,0,0,,,-1,4433.1,,795932.28,796257.39,795182,795183.42,-7583.109999999986,,,-30097.26,-30035.71,-31462.07,-30673.839999999997
1787857200,18.302,18.489,18.29,18.422,18.537,18.652,17.952,17.852,,,,,0,0,0,0,0,0,0,0,0,0,,,-1,7106.84,,795174.74,795174.74,791754.56,791754.56,-284.55999999993946,,,-30673.839999999997,-27340.809999999998,-30673.839999999997,-27673.419999999995
1787859000,18.422,18.485,18.33,18.336,18.537,18.652,17.952,17.852,,,,,0,0,0,0,0,0,0,0,0,0,,,-1,7054.72,,791724.92,792392.92,790874.6,790874.6,140.34999999997672,,,-27673.419999999995,-25376.219999999994,-27673.419999999995,-26595.719999999994
1787860800,18.336,18.444,18.326,18.377,18.537,18.652,17.952,17.852,,,,,0,0,0,0,0,0,0,0,0,0,,,-1,7211.28,,791136,791136,786999.63,786999.63,-574.75,,,-26595.719999999994,-24497.839999999993,-26595.719999999994,-25596.159999999993
1787862600,18.377,18.423,18.33,18.389,18.537,18.652,17.952,17.852,,,,,0,0,0,0,0,0,0,0,0,0,,,-1,3269.72,,786996.78,787004.49,785874.54,785874.54,232.05999999993946,,,-25596.159999999993,-25244.879999999994,-26267.129999999994,-26137.459999999992
1787864400,18.389,18.435,18.186,18.193,18.537,18.652,17.952,17.852,,,,,0,0,0,0,0,0,0,0,0,0,,,-1,6969.25,,785873.08,787151.39,782951.74,782951.74,-5857.199999999953,,,-26137.459999999992,-26013.549999999992,-29533.749999999993,-29533.749999999993
1787866200,18.193,18.21,17.947,18.081,18.537,18.652,17.952,17.852,,,,,0,0,0,0,0,0,0,0,0,0,,,-1,8015.63,,782931.08,782931.08,777097.79,777168.72,-5910.8099999999395,,,-29533.749999999993,-29439.799999999992,-32263.609999999993,-29456.339999999993
1787868000,18.081,18.14,18.01,18.02,18.537,18.652,17.952,17.852,,,,,0,0,0,0,0,0,0,0,0,0,,,-1,3207.29,,777175.74,778134.47,777175.74,777314.26,-4795.5,,,-29456.339999999993,-28981.329999999994,-30471.229999999992,-30471.229999999992
1787869800,18.02,18.108,18.012,18.086,18.537,18.652,17.952,17.852,,,,,0,0,0,0,0,0,0,0,0,0,,,-1,2247.37,,777317.76,777514.84,776641.76,776641.76,-2904.980000000098,,,-30471.229999999992,-29049.23999999999,-30471.229999999992,-29099.379999999994
1787871600,18.086,18.197,18.05,18.172,18.537,18.652,17.9495,17.852,,,,,0,0,0,0,0,0,0,0,0,0,,,-1,2887.25,,776649.22,777272.66,776150.99,777272.66,-696.8399999999674,,,-29099.379999999994,-26918.309999999994,-29138.139999999992,-26918.309999999994
1787873400,18.172,18.181,18.034,18.058,18.537,18.652,17.9495,17.852,,,,,0,0,0,0,0,0,0,0,0,0,,,-1,1704.41,,777301.05,777432.12,777009.58,777306.88,-711.7800000000279,,,-26918.309999999994,-26918.309999999994,-27836.669999999995,-27591.739999999994
1787875200,18.058,18.07,17.838,18.043,18.537,18.652,17.852,17.361,,,,,0,0,0,0,0,0,0,0,0,0,,,-1,5255.82,,777532.96,777852.46,776176.42,776476.81,-4703.260000000009,,,0,0,-4026.130000000001,-3861.260000000001
1787877000,18.043,18.076,17.91,17.936,18.537,18.652,17.852,17.361,,,,,0,0,0,0,0,0,0,0,0,0,,,-1,2766.88,,776502.66,777076.94,776501.82,776637.04,-3249.7099999999627,,,-3861.260000000001,-3736.150000000001,-5157.790000000001,-4871.860000000001
1787878800,17.936,18.089,17.922,18.07,18.537,18.652,17.852,17.361,,,,,0,0,0,0,0,0,0,0,0,0,,,-1,3521.49,,776666.7,776884.1,776074.46,776695.58,-4996.040000000037,,,-4871.860000000001,-4624.630000000001,-5922.14,-4966.51
1787880600,18.07,18.102,17.842,17.879,18.537,18.652,17.845,17.361,,,,,0,0,0,0,0,0,0,0,0,0,,,-1,3777.09,,776713.82,778419.32,776656.48,778157.46,-6920.0599999999395,,,-4966.51,-4883.38,-5928.42,-5896.9400000000005
1787882400,17.879,17.899,17.685,17.693,18.537,18.652,17.361,16.869,,,,,0,0,0,0,0,0,0,0,0,0,,,-1,7154.49,,778061.38,778354.84,776622.88,776628.44,-4266.859999999986,,,-5896.9400000000005,-5896.9400000000005,-10355.76,-10309.27
1787884200,17.693,17.803,17.655,17.737,18.537,18.652,17.361,16.869,,,,,0,0,0,0,0,0,0,0,0,0,,,-1,4840.88,,776635.6,777606.67,775768.48,777511.72,-1842.920000000042,,,-10309.27,-7660.32,-10713.25,-7865.87
1787886000,17.737,17.804,17.645,17.779,18.102,18.537,17.361,16.869,,,,,0,0,0,0,0,0,0,0,0,0,,,-1,3603.46,,777482.06,778467.28,777198.76,778418.36,-5704.150000000023,,,-7865.87,-7865.87,-9644.11,-8737.61
1787887800,17.779,17.819,17.699,17.726,18.102,18.537,17.361,16.869,,,,,0,0,0,0,0,0,0,0,0,0,,,-1,3615.49,,778415.38,782263.88,778373.23,782239.4,-1361.7299999999814,,,-8737.61,-8338.25,-9881.11,-9004.28
1787889600,17.726,17.746,17.6,17.656,18.102,18.537,17.361,16.869,,,,,0,0,0,0,0,0,0,0,0,0,,,-1,2013.41,,782237.18,782669.82,782209.9,782669.82,-564.9299999999348,,,-9004.28,-8973.86,-9782.03,-9551.490000000002
1787891400,17.656,17.665,17.525,17.576,18.102,18.537,17.361,16.869,,,,,0,0,0,0,0,0,0,0,0,0,,,-1,2921.45,,782589.64,782591.72,781088.12,781101.84,-275.2399999999907,,,-9551.490000000002,-9551.490000000002,-11291.230000000001,-10894.640000000001
1787893200,17.576,17.587,17.461,17.472,18.102,18.537,17.361,16.869,,,,,0,0,0,0,0,0,0,0,0,0,,,-1,2713.27,,781086.2,781086.2,780417.34,780417.34,419.11999999999534,,,-10894.640000000001,-10894.640000000001,-12272.890000000001,-11805.750000000002
1787895000,17.472,17.514,17.291,17.457,18.102,18.537,16.869,16.698,,,,,0,0,0,0,0,0,0,0,0,0,,,-1,12755.16,,780415.06,781776.75,779538.54,781743.74,4715.4199999999255,,,-11805.750000000002,-11618.220000000001,-17674.550000000003,-15325.630000000001
1787896800,17.457,17.489,17.367,17.417,18.102,18.537,16.869,16.698,,,,,0,0,0,0,0,0,0,0,0,0,,,-1,6550.3,,781744.38,782079.88,780181.78,780184.16,-1353.4499999999534,,,-15325.630000000001,-15245.53,-20987.410000000003,-20970.25
1787898600,17.417,17.586,17.416,17.574,18.102,18.537,16.869,16.698,,,,,0,0,0,0,0,0,0,0,0,0,,,-1,5247.91,,780217.08,783006.97,780097.32,782968.1,-2069.070000000065,,,-20970.25,-17322.739999999998,-20970.25,-17322.739999999998
1787900400,17.574,17.579,17.355,17.368,18.102,18.537,17.291,16.869,,,,,0,0,0,0,0,0,0,0,0,0,,,-1,3451.53,,782996.59,783821.67,782389.76,783786.48,-528.8499999999767,,,-17322.739999999998,-16888.01,-18606.37,-16917.329999999998
1787902200,17.368,17.383,17.232,17.361,18.102,18.537,16.869,16.698,,,,,0,0,0,0,0,0,0,0,0,0,,,-1,7789.48,,783785.58,783855.48,782175.94,782779.72,717.8499999999767,,,-16917.329999999998,-16899.249999999996,-21076,-20302.03
1787904000,17.361,17.432,17.289,17.35,18.102,18.537,16.869,16.698,,,,,0,0,0,0,0,0,0,0,0,0,,,-1,7310.59,,782747.6,784214.24,781643.64,784210.88,-1650.9799999999814,,,-20302.03,-18917.22,-21653.39,-19453.48
1787905800,17.35,17.575,17.047,17.189,18.102,18.537,16.869,16.698,,,,,0,0,0,0,0,0,0,0,0,0,,,-1,14487.4,,784209.42,788142.48,784200.58,785542.5,-868.0300000000279,,,-19453.48,-16178.8,-23453.199999999997,-22177.399999999998
1787907600,17.189,17.219,17.078,17.177,18.102,18.537,16.869,16.698,,,,,0,0,0,0,0,0,0,0,0,0,,,-1,10675.91,,785637.42,786194.11,783954.56,784291.8,-1417.0199999999022,,,-22177.399999999998,-22017.73,-27177.68,-26203.409999999996
1787909400,17.177,17.204,17.082,17.138,18.102,18.537,16.869,16.698,,,,,0,0,0,0,0,0,0,0,0,0,,,-1,2314.79,,784293.22,785262.06,784167.96,785032.42,-828.609999999986,,,-26203.409999999996,-25996.279999999995,-27257.809999999998,-27190.459999999995
1787911200,17.138,17.198,16.972,17.182,18.102,18.537,16.869,16.698,,,,,0,0,0,0,0,0,0,0,0,0,,,-1,12551.77,,785064.94,785122.54,783256.8,783764.3,-1484.890000000014,,,-27190.459999999995,-27190.459999999995,-36313.909999999996,-35529.90999999999
1787913000,17.182,17.217,17.047,17.16,18.102,18.537,16.869,16.698,,,,,0,0,0,0,0,0,0,0,0,0,,,-1,4546.28,,783766.9,783792.38,782332.6,782596.28,-2565.4700000000885,,,-35529.90999999999,-35380.79999999999,-37095.91999999999,-35987.749999999985
1787914800,17.16,17.211,17.067,17.132,18.102,18.537,16.869,16.698,,,,,0,0,0,0,0,0,0,0,0,0,,,-1,7473.34,,782587.62,784148.51,782259.54,783532.34,-402.4199999999255,,,-35987.749999999985,-35661.96999999999,-38111.15999999999,-36902.14999999999
1787916600,17.132,17.178,17.104,17.139,18.102,18.537,16.972,16.869,,,,,0,0,0,0,0,0,0,0,0,0,,,-1,6400.74,,783606.2,783744.46,782722.64,783316.92,1127.7899999999208,,,-36902.14999999999,-35388.779999999984,-36902.14999999999,-35661.929999999986
1787918400,17.139,17.262,17.04,17.116,18.102,18.537,16.972,16.869,,,,,0,0,0,0,0,0,0,0,0,0,,,-1,13355.36,,783308.66,788115.76,783302.48,784410.66,-816.5399999999208,,,-35661.929999999986,-32492.689999999984,-38797.999999999985,-37827.14999999999
1787920200,17.116,17.181,17.077,17.146,18.102,18.537,16.972,16.869,,,,,0,0,0,0,0,0,0,0,0,0,,,-1,8284.46,,784399.43,786661.2,783891.38,785024.14,-1721.890000000014,,,-37827.14999999999,-34770.55999999998,-37827.14999999999,-35588.72999999999
1787922000,17.146,17.172,17.028,17.059,18.102,18.537,16.972,16.869,,,,,0,0,0,0,0,0,0,0,0,0,,,-1,3467.06,,785019.85,786519.47,784589.7,786519.47,1887.4299999999348,,,-35588.72999999999,-35335.29999999999,-36755.96999999999,-36486.429999999986
1787923800,17.059,17.152,17.007,17.066,17.262,18.102,16.972,16.869,,,,,0,0,0,0,0,0,0,0,0,0,,,-1,12151.93,,786503.1,789105.93,786061.62,787420.78,1891.3699999999953,,,-36486.429999999986,-33083.79999999999,-36486.429999999986,-33471.97999999998
1787925600,17.066,17.213,16.705,17.054,17.262,18.102,16.698,16.479,,,,,0,0,0,0,0,0,0,0,0,0,,,-1,35432.28,,787520.41,790518.12,784955.2,790518.12,3143.730000000098,,,-33471.97999999998,-32682.61999999998,-49871.36999999998,-41721.83999999998
1787927400,17.054,17.48,16.994,17.174,18.102,18.537,16.698,16.479,,,,,0,0,0,0,0,0,0,0,0,0,,,-1,24335.16,,790468.98,796698.08,790468.98,792446.06,6335.289999999921,,,-41721.83999999998,-27650.259999999984,-41966.51999999998,-33328.959999999985
1787929200,17.174,17.302,17.093,17.19,18.102,18.537,16.698,16.479,,,,,0,0,0,0,0,0,0,0,0,0,,,1,17215.39,,792397.62,796871.16,791270.82,791629.74,542.140000000014,,,-33328.959999999985,-30409.249999999985,-35179.18999999998,-30409.249999999985
1787931000,17.19,17.217,16.984,16.994,18.102,18.537,16.7015,16.479,,,,,0,0,0,0,0,0,0,0,0,0,,,1,13612.96,,792023.58,796304.62,790787.46,796304.62,1012.3699999999953,,,-30409.249999999985,-30409.249999999985,-36645.169999999984,-36645.169999999984
1787932800,16.994,17.048,16.623,16.845,17.48,18.102,16.479,,,,,,0,0,0,0,0,0,0,0,0,0,,,1,30960.42,,796326.77,796468,792356.18,794512.5,2527.20000000007,,,-36645.169999999984,-36226.609999999986,-51524.18999999998,-46769.16999999998
1787934600,16.845,16.966,16.796,16.909,17.48,18.102,16.479,,,,,,0,0,0,0,0,0,0,0,0,0,,,1,7364.37,,794460.32,796684.64,794424.91,796336.28,3746.4799999999814,,,-46769.16999999998,-45547.31999999998,-47348.02999999998,-45777.35999999998
1787936400,16.909,17.146,16.819,17.121,17.48,18.102,16.479,,,,,,0,0,0,0,0,0,0,0,0,0,,,-1,14507.4,,796335.5,797648.18,795424.05,796327.75,8266.04999999993,,,-45777.35999999998,-40615.809999999976,-46657.239999999976,-42086.75999999998
1787938200,17.121,17.218,17,17.093,17.48,18.102,16.623,16.479,,,,,0,0,0,0,0,0,0,0,0,0,,,-1,8143.52,,796322.98,799113.43,796299.32,797370.06,-1819.5,,,-42086.75999999998,-39472.18999999998,-42397.81999999998,-41717.87999999998
1787940000,17.093,17.102,16.465,16.813,17.48,18.102,16.479,,,,,,0,0,0,0,0,0,0,0,0,0,,,-1,41095.99,,797368.21,797533.54,787712.23,788628.48,7650.619999999995,,,-41717.87999999998,-41715.319999999985,-80332.16999999998,-79174.70999999999
1787941800,16.813,16.834,16.26,16.387,17.48,18.102,,,,,,,0,0,0,0,0,0,0,0,0,0,,,-1,35931.44,,788584.38,788667.34,775305.58,776166.5,-4828.869999999995,,,-79174.70999999999,-79119.40999999999,-99389.51,-96021.29
1787943600,16.387,16.786,16.38,16.71,17.218,17.48,,,,,,,0,0,0,0,0,0,0,0,0,0,,,-1,17358.75,,776001.51,780823.22,775777.23,780823.22,9353.76000000001,,,-96021.29,-83198.76,-96021.29,-84048.04
1787945400,16.71,16.722,16.5,16.54,17.218,17.48,,,,,,,0,0,0,0,0,0,0,0,0,0,,,-1,8893.25,,780827.31,782422.18,780024.36,780024.36,-3343.8699999999953,,,-84048.04,-84048.04,-87914.34999999999,-87322.46999999999
1787947200,16.54,16.579,16.454,16.488,17.218,17.48,16.26,,,,,,0,0,0,0,0,0,0,0,0,0,,,-1,7939.62,,780041.94,781128.68,779160.28,781033.88,-3364.2399999999907,,,-87322.46999999999,-86949.93999999999,-92476.55999999998,-92066.96999999999
1787949000,16.488,16.488,16.321,16.334,17.218,17.48,16.26,,,,,,0,0,0,0,0,0,0,0,0,0,,,-1,7227.07,,781030.02,781261.53,780123.12,780943.82,-7831.729999999981,,,-92066.96999999999,-92066.96999999999,-94347.91999999998,-94089.25999999998
1787950800,16.334,16.378,16.202,16.251,17.218,17.48,,,,,,,0,0,0,0,0,0,0,0,0,0,,,-1,18734.43,,780946.84,781007.12,775612.8,776035.94,-5338.640000000014,,,-94089.25999999998,-85620.35999999999,-94179.13999999998,-91337.02999999998
1787952600,16.251,16.301,16.113,16.17,17.218,17.48,,,,,,,0,0,0,0,0,0,0,0,0,0,,,-1,7392.61,,776034.02,776076.34,773762.3,773795.26,-1707.2700000000186,,,-91337.02999999998,-90670.42999999998,-92814.69999999998,-90711.43999999999
1787954400,16.17,16.205,16.09,16.117,17.218,17.48,,,,,,,0,0,0,0,0,0,0,0,0,0,,,-1,5402.93,,773814.63,774001.3,773067.58,773067.58,-6883.429999999935,,,-90711.43999999999,-90220.87999999999,-92263.21999999999,-91846.04999999999
1787956200,16.117,16.202,16.09,16.116,17.218,17.48,,,,,,,0,0,0,0,0,0,0,0,0,0,,,-1,7750.95,,772982.66,772982.66,768274.38,768274.38,-5234.310000000056,,,-91846.04999999999,-91437.29999999999,-94008.63999999998,-93838.49999999999
1787958000,16.116,16.295,16.103,16.168,17.218,17.48,,,,,,,0,0,0,0,0,0,0,0,0,0,,,-1,4043.95,,768199.4,768199.4,766686.98,766686.98,-8034.979999999981,,,-93838.49999999999,-91617.93999999999,-94002.25999999998,-92093.36999999998
1787959800,16.168,16.174,16.041,16.065,17.218,17.48,,,,,,,0,0,0,0,0,0,0,0,0,0,,,-1,8251.2,,766686.2,766686.2,760971.84,761535.04,-3792.0599999999395,,,-92093.36999999998,-92069.64999999998,-97217.28999999998,-97217.28999999998
1787961600,16.065,16.24,15.953,16.132,17.218,17.48,,,,,,,0,0,0,0,0,0,0,0,0,0,,,-1,20552.93,,761503.5,763868.77,760421.6,763190.52,-3417.180000000051,,,0,10400.96,-670.3099999999998,9946.189999999999
1787963400,16.132,16.153,16.009,16.014,17.218,17.48,,,,,,,0,0,0,0,0,0,0,0,0,0,,,-1,4412.89,,762739.7,762799.66,760067.2,760082.36,-5084.579999999958,,,9946.189999999999,10213.369999999999,8942.589999999998,9145.399999999998
1787965200,16.014,16.032,15.977,16.02,17.218,17.48,,,,,,,0,0,0,0,0,0,0,0,0,0,,,-1,3798.37,,760008.38,760557.96,759211.81,759385.54,-3270.430000000051,,,9145.399999999998,10469.869999999997,9126.299999999997,10203.749999999998
1787967000,16.02,16.044,15.946,15.946,17.218,17.48,,,,,,,0,0,0,0,0,0,0,0,0,0,,,-1,9468.6,,759372.46,759658.13,754368.72,754682.38,-4283.839999999967,,,10203.749999999998,11514.629999999997,8698.289999999997,8698.289999999997
1787968800,15.946,15.988,15.835,15.867,17.218,17.48,,,,,,,0,0,0,0,0,0,0,0,0,0,,,-1,8522.22,,754578.4,754742.1,751396.61,751556.9,-1845.7100000000792,,,8698.289999999997,12233.149999999998,8698.289999999997,9457.309999999998
1787970600,15.867,15.898,15.8,15.821,17.218,17.48,,,,,,,0,0,0,0,0,0,0,0,0,0,,,-1,4623.6,,751557.8,751558.52,750533.72,750533.72,1209.8600000001024,,,9457.309999999998,9506.449999999997,8240.489999999998,8240.489999999998
1787972400,15.821,15.903,15.811,15.812,17.218,17.48,,,,,,,0,0,0,0,0,0,0,0,0,0,,,-1,5442.74,,750520.88,750520.88,747316.8,747350.04,-2945.7600000000093,,,8240.489999999998,10794.859999999999,8240.489999999998,10172.109999999999
1787974200,15.812,15.874,15.759,15.779,17.218,17.48,,,,,,,0,0,0,0,0,0,0,0,0,0,,,-1,4621.41,,747362.86,747530.5,746886.14,747452.76,3755.969999999972,,,10172.109999999999,10847.659999999998,8591.499999999998,8725.039999999999
1787976000,15.779,16.004,15.719,15.903,17.218,17.48,,,,,,,0,0,0,0,0,0,0,0,0,0,,,-1,10874.2,,747487.09,750171.16,747131.88,749561.72,2472.719999999972,,,8725.039999999999,14606.099999999999,8725.039999999999,13405.779999999999
1787977800,15.903,15.97,15.837,15.956,17.218,17.48,,,,,,,0,0,0,0,0,0,0,0,0,0,,,-1,5460.77,,749547.95,749547.95,747788.71,748510.9,-1675.7900000000373,,,13405.779999999999,13603.88,12301.419999999998,13045.349999999999
1787979600,15.956,16.088,15.921,15.946,17.218,17.48,,,,,,,0,0,0,0,0,0,0,0,0,0,,,-1,6060.65,,748512.09,748560.14,745642.63,745650.88,-5068.179999999935,,,13045.349999999999,16105.98,13045.349999999999,15022.339999999998
1787981400,15.946,16.034,15.943,16.015,17.218,17.48,15.719,,,,,,0,0,0,0,0,0,0,0,0,0,,,-1,3506.81,,745571.48,745571.48,743379.1,743379.1,-3348.719999999972,,,15022.339999999998,17007.39,15022.339999999998,17006.25
1787983200,16.015,16.027,15.871,15.976,17.218,17.48,15.719,,,,,,0,0,0,0,0,0,0,0,0,0,,,-1,3756.79,,743361.53,743361.53,740726.56,740749.44,909.8699999999953,,,17006.25,17216.93,16036.08,16787.760000000002
1787985000,15.976,16.132,15.962,16.046,17.218,17.48,15.719,,,,,,0,0,0,0,0,0,0,0,0,0,,,-1,4425.05,,740775.32,741007.16,740188.44,740488.24,4915.119999999995,,,16787.760000000002,18326.010000000002,16787.760000000002,17134.350000000002
1787986800,16.046,16.079,15.944,15.952,17.218,17.48,15.719,,,,,,0,0,0,0,0,0,0,0,0,0,,,1,2181.06,,740429.15,740624.94,739579.64,739585,-3631.090000000084,,,17134.350000000002,17602.11,16917.070000000003,17465.430000000004
1787988600,15.952,16.105,15.938,16.01,17.218,17.48,15.719,,,,,,0,0,0,0,0,0,0,0,0,0,,,1,20523.35,,739570.05,753514.08,739494.9,752131.3,-861.2199999999721,,,17465.430000000004,32797.670000000006,17457.150000000005,29339.500000000007
1787990400,16.01,16.034,15.923,16.011,16.132,17.218,15.719,,,,,,0,0,0,0,0,0,0,0,0,0,,,1,4050.96,,752091.71,752091.71,748829.72,748829.72,-251.22999999998137,,,29339.500000000007,29339.500000000007,27786.33000000001,28951.800000000007
1787992200,16.011,16.011,15.905,15.921,16.132,17.218,15.719,,,,,,0,0,0,0,0,0,0,0,0,0,,,1,2275.37,,748829.65,748890.38,747696.2,747696.2,-614.7399999999907,,,28951.800000000007,29882.850000000006,28883.120000000006,29882.850000000006
1787994000,15.921,15.935,15.89,15.89,16.132,17.218,15.719,,,,,,0,0,0,0,0,0,0,0,0,0,,,1,2905.64,,747691.1,748509.76,746468.12,746468.12,1151.25,,,29882.850000000006,31322.960000000006,29801.140000000007,31155.110000000004
1787995800,15.89,15.964,15.882,15.955,16.132,17.218,15.719,,,,,,0,0,0,0,0,0,0,0,0,0,,,1,1744.05,,746468.76,746468.76,745831.96,745831.96,35.88000000000466,,,31155.110000000004,31645.950000000004,30907.660000000003,31582.380000000005
1787997600,15.955,15.966,15.872,15.932,16.132,17.218,15.719,,,,,,0,0,0,0,0,0,0,0,0,0,,,1,3775.43,,745815.89,746307.86,745089.26,745089.26,559.9200000000419,,,31582.380000000005,31582.380000000005,30004.650000000005,30052.830000000005
1787999400,15.932,16.025,15.932,15.962,16.132,17.218,15.719,,,,,,0,0,0,0,0,0,0,0,0,0,,,1,3661.48,,745093.94,745123.76,742482.18,742482.18,-1557,,,30052.830000000005,32100.900000000005,30047.580000000005,31151.310000000005
1788001200,15.962,16.044,15.941,16.031,16.132,17.218,15.719,,,,,,0,0,0,0,0,0,0,0,0,0,,,1,3409.83,,742482.08,742482.08,740572.26,740662.88,-3124.8600000001024,,,31151.310000000005,31783.460000000006,31151.310000000005,31665.520000000004
1788003000,16.031,16.164,16.016,16.115,17.218,17.48,15.872,15.719,,,,,0,0,0,0,0,0,0,0,0,0,,,1,6745.03,,740661.36,740720.24,739128.12,739525.34,887.8600000001024,,,31665.520000000004,34045.36,31585.280000000002,33289.450000000004
1788004800,16.115,16.23,16.062,16.206,17.218,17.48,15.872,15.719,,,,,0,0,0,0,0,0,0,0,0,0,,,1,3752.1,,739533.74,740019.73,739144.96,739874.34,-1089.890000000014,,,33289.450000000004,34581.47,32679.220000000005,34581.47
1788006600,16.206,16.356,16.135,16.25,17.218,17.48,15.872,15.719,,,,,0,0,0,0,0,0,0,0,0,0,,,1,9456.01,,739866.58,740588.26,738389.48,738637.4,-3134.109999999986,,,34581.47,36065.61,33912.99,35784.56
1788008400,16.25,16.254,16.049,16.191,17.218,17.48,15.872,15.719,,,,,0,0,0,0,0,0,0,0,0,0,,,1,5702.37,,738632.32,738632.32,735841.78,735958.72,-4793.160000000033,,,35784.56,35784.56,32810.03999999999,33539.45
1788010200,16.191,16.241,16.128,16.201,17.218,17.48,15.872,15.719,,,,,0,0,0,0,0,0,0,0,0,0,,,1,4448.76,,735903.14,737640.16,735600.88,737640.16,-486.3100000000559,,,33539.45,35538.71,33004.2,35538.71
1788012000,16.201,16.251,16.152,16.193,16.356,17.218,15.872,15.719,,,,,0,0,0,0,0,0,0,0,0,0,,,1,5582.9,,737564.46,740091.76,737173.42,739644.94,502.5700000000652,,,35538.71,37158.479999999996,34501.53,36577.57
1788013800,16.193,16.372,16.11,16.277,17.218,17.48,15.872,15.719,,,,,0,0,0,0,0,0,0,0,0,0,,,1,8590.98,,739638.22,741510.3,739561.7,741510.3,-1609.890000000014,,,36577.57,37966.84,34588.29,36646.37
1788015600,16.277,16.363,16.245,16.271,17.218,17.48,15.872,15.719,,,,,0,0,0,0,0,0,0,0,0,0,,,1,12682.64,,741564.14,750808.26,741564.14,750313.72,-694.8399999999674,,,36646.37,40117.170000000006,35493.79,36068.89000000001
1788017400,16.271,16.498,16.125,16.361,17.218,17.48,15.872,15.719,,,,,0,0,0,0,0,0,0,0,0,0,,,1,22691.86,,750319.1,750319.1,742209.86,744254.26,1500.2600000000093,,,36068.89000000001,36068.89000000001,26400.37000000001,31627.43000000001
1788019200,16.361,16.79,16.349,16.62,17.218,17.48,15.872,15.719,,,,,0,0,0,0,0,0,0,0,0,0,,,1,20640.28,,744256.28,745499.08,741976.72,742764.8,-2694.1199999999953,,,31627.43000000001,43776.23000000001,31600.900000000012,41800.110000000015
1788021000,16.62,16.736,16.581,16.61,17.218,17.48,15.872,15.719,,,,,0,0,0,0,0,0,0,0,0,0,,,1,7397.16,,742282.92,742652.12,740454,740454,-1131.5700000000652,,,41800.110000000015,44750.48000000002,41800.110000000015,42854.13000000001
1788022800,16.61,16.664,16.414,16.423,17.218,17.48,15.872,15.719,,,,,0,0,0,0,0,0,0,0,0,0,,,1,7102.29,,740436.98,740439.35,737216.34,737260.74,1256.6999999999534,,,42854.13000000001,42854.13000000001,39162.44000000001,39162.44000000001
1788024600,16.423,16.539,16.393,16.41,16.79,17.218,15.872,15.719,,,,,0,0,0,0,0,0,0,0,0,0,,,1,7469.4,,737248.24,738476.34,736092.76,738476.34,-182.12999999988824,,,39162.44000000001,40860.33000000001,36953.68000000001,36953.68000000001
1788026400,16.41,16.451,16.363,16.384,16.79,17.218,15.872,15.719,,,,,0,0,0,0,0,0,0,0,0,0,,,1,3119.08,,738528.06,738573.66,737469.6,737693.43,43.73999999999069,,,36953.68000000001,37797.62000000001,36496.73000000001,36679.62000000001
1788028200,16.384,16.575,16.375,16.523,16.79,17.218,15.872,15.719,,,,,0,0,0,0,0,0,0,0,0,0,,,1,12201.32,,737671.78,745618.73,737295.82,745130.75,-1970.3500000000931,,,36679.62000000001,43704.41000000001,36665.50000000001,43384.82000000001
1788030000,16.523,16.617,16.51,16.538,16.79,17.218,15.872,15.719,,,,,0,0,0,0,0,0,0,0,0,0,,,1,6060.72,,745116.18,747493.52,745089.4,746638.6,-3043.0999999999767,,,43384.82000000001,47131.69000000001,43342.780000000006,46124.62000000001
1788031800,16.538,16.539,16.439,16.47,16.79,17.218,16.363,15.872,,,,,0,0,0,0,0,0,0,0,0,0,,,1,6127.09,,746613.83,746613.83,743268.44,743268.44,-297.1899999999441,,,46124.62000000001,46124.62000000001,42652.44000000001,44325.45000000001
1788033600,16.47,16.583,16.445,16.495,16.79,17.218,16.363,15.872,,,,,0,0,0,0,0,0,0,0,0,0,,,1,4275.63,,743258.24,744386.5,742838.95,743535.98,-19.85999999998603,,,44325.45000000001,45499.58000000001,44226.680000000015,44919.02000000001
1788035400,16.495,16.589,16.474,16.555,16.617,16.79,16.363,15.872,,,,,0,0,0,0,0,0,0,0,0,0,,,1,4756.01,,743672.43,743681.24,741147.87,741148.56,-1605.0400000000373,,,44919.02000000001,46501.13000000001,44300.19000000001,44300.19000000001
1788037200,16.555,16.591,16.512,16.515,16.617,16.79,16.363,15.872,,,,,0,0,0,0,0,0,0,0,0,0,,,1,1652.15,,741147.34,741147.34,739893.56,739896.98,-347.44000000006054,,,44300.19000000001,44825.25000000001,44300.19000000001,44515.600000000006
1788039000,16.515,16.621,16.478,16.586,16.617,16.79,16.363,15.872,,,,,0,0,0,0,0,0,0,0,0,0,,,1,2135.05,,739901.62,741009.93,739660.4,740973.68,189.2600000000093,,,44515.600000000006,45160.44,44395.270000000004,45087.130000000005
1788040800,16.586,16.634,16.564,16.619,16.79,17.218,16.363,15.872,,,,,0,0,0,0,0,0,0,0,0,0,,,1,1596.58,,741037.49,741205.44,740657.56,741205.44,771.3800000000047,,,45087.130000000005,45087.130000000005,44436.770000000004,44436.770000000004
1788042600,16.619,16.651,16.535,16.549,16.79,17.218,16.363,15.872,,,,,0,0,0,0,0,0,0,0,0,0,,,1,2416.49,,741202.4,741282.52,740871.78,741061.02,-901.359999999986,,,44436.770000000004,44861.62,43424.64000000001,43424.64000000001
1788044400,16.549,16.619,16.537,16.582,16.79,17.218,16.363,15.872,,,,,0,0,0,0,0,0,0,0,0,0,,,1,2631.78,,741050.63,741769.3,740880.35,741180.3,-731.6799999999348,,,43424.64000000001,44864.380000000005,43400.14000000001,44864.380000000005
1788046200,16.582,16.726,16.582,16.718,16.79,17.218,16.363,15.872,,,,,0,0,0,0,0,0,0,0,0,0,,,1,3207.83,,741187.87,741548.44,740598.48,741349.68,307.0299999999115,,,44864.380000000005,46434.07000000001,44617.130000000005,46434.07000000001
1788048000,16.718,16.744,16.602,16.66,16.79,17.218,16.363,15.872,,,,,0,0,0,0,0,0,0,0,0,0,,,1,7656.12,,742100.21,742100.21,739458.67,741554.66,2249.7900000000373,,,0,4384.98,-74.08,3601.899999999999
1788049800,16.66,16.66,16.602,16.605,16.79,17.218,16.363,15.872,,,,,0,0,0,0,0,0,0,0,0,0,,,1,1477.34,,741539.62,741631.06,741201.74,741283.76,-1112.9100000000326,,,3601.899999999999,3636.149999999999,3360.2999999999993,3464.0999999999995
1788051600,16.605,16.657,16.509,16.649,16.79,17.218,16.363,15.872,,,,,0,0,0,0,0,0,0,0,0,0,,,1,4870.65,,741240.42,741242.42,737879.66,737989.1,2002.25,,,3464.0999999999995,3464.0999999999995,-38.51000000000113,586.4699999999993
1788053400,16.649,16.744,16.634,16.64,16.79,17.218,16.363,15.872,,,,,0,0,0,0,0,0,0,0,0,0,,,1,3591.92,,737973.32,739414.12,737964.16,738060.04,1533.1500000000233,,,586.4699999999993,2118.5599999999995,586.4699999999993,948.77
1788055200,16.64,16.699,16.579,16.588,16.79,17.218,16.363,15.872,,,,,0,0,0,0,0,0,0,0,0,0,,,1,1775.38,,738052.98,738064.86,737464.29,737480.38,-235.54999999993015,,,948.77,1248.3000000000002,599.9100000000002,734.5900000000003
1788057000,16.588,16.704,16.547,16.616,16.79,17.218,16.509,16.363,,,,,0,0,0,0,0,0,0,0,0,0,,,1,1623.93,,737463.67,737773.24,737310.46,737569.68,-304.4900000001071,,,734.5900000000003,1054.5600000000004,347.4100000000003,852.1200000000003
1788058800,16.616,16.647,16.549,16.565,16.744,16.79,16.509,16.363,,,,,0,0,0,0,0,0,0,0,0,0,,,1,2124.39,,737605.64,737626.37,735734.66,735734.66,651.25,,,852.1200000000003,852.1200000000003,-463.1099999999997,-154.6099999999998
1788060600,16.565,16.66,16.558,16.606,16.744,16.79,16.509,16.363,,,,,0,0,0,0,0,0,0,0,0,0,,,1,2203.34,,735698.14,736698.06,735226.2,736684.28,-1472.8699999999953,,,-154.6099999999998,785.2000000000003,-333.68999999999977,176.95000000000027
1788062400,16.606,16.658,16.534,16.585,16.744,16.79,16.509,16.363,,,,,0,0,0,0,0,0,0,0,0,0,,,1,2497.61,,737092.52,737842.1,737080.68,737300.28,-99.57999999995809,,,176.95000000000027,176.95000000000027,-1319.8399999999995,-1092.1599999999994
1788064200,16.585,16.585,16.439,16.508,16.744,16.79,16.363,15.872,,,,,0,0,0,0,0,0,0,0,0,0,,,1,5130.73,,737304.78,737304.78,735085.92,735663.48,-2169.2700000000186,,,-1092.1599999999994,-1092.1599999999994,-4092.609999999999,-2746.329999999999
1788066000,16.508,16.576,16.446,16.464,16.744,16.79,16.363,15.872,,,,,0,0,0,0,0,0,0,0,0,0,,,1,2372.1,,735649.13,736691.08,735535.78,736457.78,-325.2700000000186,,,-2746.329999999999,-2624.019999999999,-3197.7199999999993,-3165.0699999999993
1788067800,16.464,16.506,16.451,16.489,16.744,16.79,16.363,15.872,,,,,0,0,0,0,0,0,0,0,0,0,,,-1,2466.37,,736457,737821.42,736279.2,737782.4,-314.0799999999581,,,-3165.0699999999993,-1804.5399999999993,-3297.0999999999995,-2187.5999999999995
1788069600,16.489,16.542,16.391,16.499,16.744,16.79,16.363,15.872,,,,,0,0,0,0,0,0,0,0,0,0,,,-1,5449.95,,737779.96,739557.2,737344.94,739549.72,1304.969999999972,,,-2187.5999999999995,-1376.4499999999991,-3613.7599999999993,-1436.749999999999
1788071400,16.499,16.616,16.48,16.611,16.744,16.79,16.363,15.872,,,,,0,0,0,0,0,0,0,0,0,0,,,-1,2949.57,,739853.98,740757.16,739771.9,740631.31,-1199.6699999999255,,,-1436.749999999999,-1365.6999999999987,-2287.459999999999,-1365.6999999999987
1788073200,16.611,16.619,16.554,16.588,16.744,16.79,16.363,15.872,,,,,0,0,0,0,0,0,0,0,0,0,,,-1,2965.67,,740700.71,743255.52,740594.26,742996.84,-2776,,,-1365.6999999999987,563.4800000000007,-1613.9299999999987,540.0300000000009
1788075000,16.588,16.594,16.487,16.528,16.744,16.79,16.377,15.872,,,,,0,0,0,0,0,0,0,0,0,0,,,-1,1147.05,,742997.03,742997.03,742261.82,742274.16,-422.85999999998603,,,540.0300000000009,575.4200000000009,26.820000000001073,132.160000000001
1788076800,16.528,16.759,16.486,16.685,16.79,17.218,16.377,15.872,,,,,0,0,0,0,0,0,0,0,0,0,,,-1,6202.94,,742265.92,745787.9,741804.52,745754.26,2151.019999999902,,,132.160000000001,4763.480000000001,-346.719999999999,4585.680000000001
1788078600,16.685,16.731,16.605,16.623,16.79,17.218,16.377,15.872,,,,,0,0,0,0,0,0,0,0,0,0,,,1,5319.38,,745555.38,745674.37,742769.91,743027.48,141.64000000001397,,,4585.680000000001,4826.240000000002,1646.880000000001,1911.3400000000006
1788080400,16.623,16.767,16.594,16.601,16.79,17.218,16.377,15.872,,,,,0,0,0,0,0,0,0,0,0,0,,,1,5119.13,,742992.98,745465.1,742283.78,745239.38,1281.2000000000698,,,1911.3400000000006,4406.210000000001,1537.6500000000005,3164.05
1788082200,16.601,16.696,16.592,16.671,16.79,17.218,16.377,15.872,,,,,0,0,0,0,0,0,0,0,0,0,,,1,3922.16,,745225.84,745949.48,745193.1,745339.02,-935.4600000000792,,,3164.05,5068.950000000001,2964.48,4789.81
1788084000,16.671,16.689,16.6,16.614,16.79,17.218,16.377,15.872,,,,,0,0,0,0,0,0,0,0,0,0,,,1,2728.74,,745340.12,745340.12,744472.2,744516.96,-1740.4099999999162,,,4789.81,4789.81,3860.120000000001,3949.2500000000005
1788085800,16.614,16.641,16.605,16.614,16.7785,17.218,16.377,15.872,,,,,0,0,0,0,0,0,0,0,0,0,,,1,1225.69,,744495.38,744796.76,744254.58,744255.92,-356.4899999999907,,,3949.2500000000005,4254.700000000001,3925.7000000000003,4131.04
1788087600,16.614,16.796,16.614,16.748,16.7785,17.218,16.377,15.872,,,,,0,0,0,0,0,0,0,0,0,0,,,1,2704.99,,744243.48,744484.8,743968.31,744129.7,2621.3899999998976,,,4131.04,4444.27,3674.56,4444.27
1788089400,16.748,16.756,16.649,16.727,16.7785,17.218,16.377,15.872,,,,,0,0,0,0,0,0,0,0,0,0,,,1,2961.64,,744102.73,744134.11,743484.94,743895.06,3703.2200000000885,,,4444.27,4784.820000000001,4060.3,4174.150000000001
1788091200,16.727,16.862,16.678,16.717,17.218,17.48,16.377,15.872,,,,,0,0,0,0,0,0,0,0,0,0,,,1,3748.62,,743883.69,744888.32,743444.27,743487.74,2256.8099999999395,,,4174.150000000001,6152.890000000001,4174.150000000001,5267.09
1788093000,16.717,16.734,16.658,16.734,17.218,17.48,16.377,15.872,,,,,0,0,0,0,0,0,0,0,0,0,,,1,1218.65,,743481.56,743778.16,743481.56,743492.42,97,,,5267.09,5267.09,4920.29,5182.92
1788094800,16.734,16.743,16.668,16.678,17.218,17.48,16.377,15.872,,,,,0,0,0,0,0,0,0,0,0,0,,,1,1803.81,,743495.08,743495.08,742521.15,742794.52,-1095.7299999999814,,,5182.92,5396.13,5146.95,5295.67
1788096600,16.678,16.771,16.669,16.746,16.862,17.218,16.377,15.872,,,,,0,0,0,0,0,0,0,0,0,0,,,1,1246.24,,742789.84,742789.84,742063.62,742063.62,-305.9899999999907,,,5295.67,5695.21,5230.56,5625.65
1788098400,16.746,16.746,16.535,16.571,16.862,17.218,16.377,15.872,,,,,0,0,0,0,0,0,0,0,0,0,,,1,9499.99,,742053.97,742053.97,736843.08,738121.67,-6091.810000000056,,,5625.65,5625.65,-584.3399999999992,-584.3399999999992
1788100200,16.571,16.645,16.561,16.633,16.862,17.218,16.377,15.872,,,,,0,0,0,0,0,0,0,0,0,0,,,1,1593.15,,738056.4,738056.4,736720.9,736720.9,-397.6799999999348,,,-584.3399999999992,-414.26999999999913,-867.9999999999991,-438.16999999999905
1788102000,16.633,16.726,16.559,16.725,16.862,17.218,16.377,15.872,,,,,0,0,0,0,0,0,0,0,0,0,,,-1,3941.01,,736728.07,736728.79,735837.02,736342.62,-1007.7600000000093,,,-438.16999999999905,1287.9600000000019,-649.359999999999,1287.9600000000019
1788103800,16.725,16.813,16.676,16.689,16.862,17.218,16.535,16.377,,,,,0,0,0,0,0,0,0,0,0,0,,,-1,8559.04,,736307.8,737669.24,734859.24,734859.24,-1572.5500000000466,,,1287.9600000000019,2755.6200000000017,-1307.3999999999978,-1004.5999999999985
1788105600,16.689,16.934,16.669,16.9,17.218,17.48,16.535,16.377,,,,,0,0,0,0,0,0,0,0,0,0,,,-1,4778.05,,734868.71,735154.89,733202.06,734226.96,-39.17999999993481,,,-1004.5999999999985,1469.0100000000011,-1004.5999999999985,1009.6500000000012
1788107400,16.9,17.179,16.885,17.043,17.218,17.48,16.535,16.377,,,,,0,0,0,0,0,0,0,0,0,0,,,1,17382.56,,734222.27,737436.12,734149.96,737315.78,2844.3699999999953,,,1009.6500000000012,8873.570000000002,1009.6500000000012,5569.91
1788109200,17.043,17.074,16.881,16.918,17.218,17.48,16.535,16.377,,,,,0,0,0,0,0,0,0,0,0,0,,,1,5226.6,,737267.23,737327.34,734656.14,735200.31,1133.9499999999534,,,5569.91,5796.72,3971.45,4539.07
1788111000,16.918,17.086,16.884,17.081,17.218,17.48,16.535,16.377,,,,,0,0,0,0,0,0,0,0,0,0,,,1,6567.4,,735165.94,735215.78,732459.84,733845.06,-271.3499999999767,,,4539.07,8565.63,4308.28,8565.63
1788112800,17.081,17.16,16.916,17.157,17.179,17.218,16.535,16.377,,,,,0,0,0,0,0,0,0,0,0,0,,,1,7119.01,,734702.01,737207.82,734702.01,737206.1,530.609999999986,,,8565.63,10050.96,6565.109999999999,10030.379999999997
1788114600,17.157,17.263,17.1,17.185,17.48,18.102,16.535,16.377,,,,,0,0,0,0,0,0,0,0,0,0,,,1,11855.88,,737218.07,745235.26,736534.52,740676.8,-1197.7399999999907,,,10030.379999999997,16405.699999999997,9613.329999999998,13318.519999999997
1788116400,17.185,17.374,17.069,17.228,17.48,18.102,16.535,16.377,,,,,0,0,0,0,0,0,0,0,0,0,,,1,20015.47,,740672.74,753274.82,740672.74,752705.51,4866.849999999977,,,13318.519999999997,24827.379999999997,11828.599999999997,23675.949999999997
1788118200,17.228,17.363,17.161,17.323,17.48,18.102,16.535,16.377,,,,,0,0,0,0,0,0,0,0,0,0,,,1,5740.26,,752589.96,754417.4,752474.42,754407.14,1911.4000000000233,,,23675.949999999997,24706.499999999996,23369.979999999996,23990.35
1788120000,17.323,17.806,17.242,17.69,18.102,18.537,16.535,16.377,,,,,0,0,0,0,0,0,0,0,0,0,,,1,26015.06,,754403.78,756806.05,753259.93,755537.6,14326.569999999949,,,23990.35,36811.670000000006,21498.399999999998,34671.91
1788121800,17.69,17.69,17.345,17.472,18.102,18.537,16.535,16.377,,,,,0,0,0,0,0,0,0,0,0,0,,,1,18492.19,,755501.44,755501.44,746595.6,747613.03,-2772.0599999999395,,,34671.91,34671.91,24121.570000000007,27019.40000000001
1788123600,17.472,17.472,17.152,17.39,18.102,18.537,16.535,16.377,,,,,0,0,0,0,0,0,0,0,0,0,,,1,10662.44,,747814.37,753076.88,747585.68,752949.38,3621.0999999999767,,,27019.40000000001,29187.700000000008,25240.200000000008,29118.62000000001
1788125400,17.39,17.565,17.258,17.455,17.806,18.102,16.535,16.377,,,,,0,0,0,0,0,0,0,0,0,0,,,1,9926.4,,753026.25,753173.86,751600.48,752654.28,11254.330000000075,,,29118.62000000001,33160.46000000001,28521.11000000001,30793.30000000001
1788127200,17.455,17.571,17.267,17.302,17.806,18.102,16.535,16.377,,,,,0,0,0,0,0,0,0,0,0,0,,,1,4978.58,,752734.89,753759.71,752363.12,752581.38,-2230.430000000051,,,30793.30000000001,30793.30000000001,29045.73000000001,29064.76000000001
1788129000,17.302,17.364,17.231,17.343,17.806,18.102,17.152,16.535,,,,,0,0,0,0,0,0,0,0,0,0,,,1,3463.64,,752577.66,753705.54,752466.9,753477.04,86.26000000000931,,,29064.76000000001,29069.92000000001,27093.09000000001,27471.180000000008
1788130800,17.343,17.405,16.987,17.031,17.806,18.102,16.535,16.377,,,,,0,0,0,0,0,0,0,0,0,0,,,1,12522.65,,753443.98,753460.3,748814.55,749682.28,1449.469999999972,,,27471.180000000008,28396.97000000001,20172.41000000001,20172.41000000001
1788132600,17.031,17.058,16.667,16.899,17.806,18.102,16.535,16.377,,,,,0,0,0,0,0,0,0,0,0,0,,,1,27714.55,,749570.64,749570.64,742385.86,744247.4,-210.90000000002328,,,20172.41000000001,20172.41000000001,4825.4500000000135,11821.480000000012
1788134400,16.899,17.146,16.871,17.032,17.806,18.102,16.535,16.377,,,,,0,0,0,0,0,0,0,0,0,0,,,1,9390.58,,744186.73,747536.19,744167.24,747255.8,2202.280000000028,,,0,3809.419999999999,0,3116.4199999999987
1788136200,17.032,17.085,16.948,17.035,17.806,18.102,16.535,16.377,,,,,0,0,0,0,0,0,0,0,0,0,,,-1,3975.59,,747243.32,748446.78,747228.83,748279.78,-1585.829999999958,,,3116.4199999999987,3123.3499999999985,1948.729999999999,2531.5899999999992
1788138000,17.035,17.099,16.788,16.9,17.806,18.102,16.667,16.535,,,,,0,0,0,0,0,0,0,0,0,0,,,-1,5531.01,,748283.48,750176.07,748147.34,750172.54,-5247.9700000000885,,,2531.5899999999992,3077.3499999999995,606.0999999999999,1038.3399999999995
1788139800,16.9,16.924,16.733,16.771,17.806,18.102,16.667,16.535,,,,,0,0,0,0,0,0,0,0,0,0,,,-1,3644.43,,750185.32,750669.9,749914.32,750174.16,-1250.0299999999115,,,1038.3399999999995,1279.9199999999994,-657.4000000000008,-577.5500000000009
1788141600,16.771,16.977,16.714,16.914,17.806,18.102,16.667,16.535,,,,,0,0,0,0,0,0,0,0,0,0,,,-1,7940.79,,750159.87,755645,750048.11,753744.8,5124.140000000014,,,-577.5500000000009,-577.5500000000009,-4676.080000000001,-2347.0200000000004
1788143400,16.914,16.95,16.69,16.74,17.806,18.102,16.667,16.535,,,,,0,0,0,0,0,0,0,0,0,0,,,-1,4971.14,,753740.74,753845.25,751425.58,751765.84,-4413.810000000056,,,-2347.0200000000004,-2294.3000000000006,-5726.920000000001,-5583.68
1788145200,16.74,16.827,16.702,16.77,17.806,18.102,16.667,16.535,,,,,0,0,0,0,0,0,0,0,0,0,,,-1,5456.36,,751765.41,751988.97,748428.67,749547.86,1065.390000000014,,,-5583.68,-5266.5,-7215.26,-6820.5
1788147000,16.77,16.78,16.692,16.731,17.806,18.102,16.667,16.535,,,,,0,0,0,0,0,0,0,0,0,0,,,-1,4819.79,,749547.28,749554.42,748587.22,749122.68,-459.4899999999907,,,-6820.5,-6820.5,-10256.600000000002,-9964.11
1788148800,16.731,16.742,16.614,16.679,17.806,18.102,16.535,16.377,,,,,0,0,0,0,0,0,0,0,0,0,,,-1,5348.46,,749121.79,749121.79,746639.7,746776.12,-1198.2299999999814,,,-9964.11,-7265.660000000001,-10194.01,-7627.89
1788150600,16.679,16.787,16.616,16.765,17.806,18.102,16.535,16.377,,,,,0,0,0,0,0,0,0,0,0,0,,,-1,3160.19,,746762.66,746818.1,746464.84,746771.99,-1056.9100000000326,,,-7627.89,-7521.35,-8797.49,-7905.860000000001
1788152400,16.765,17.021,16.687,16.989,17.806,18.102,16.535,16.377,,,,,0,0,0,0,0,0,0,0,0,0,,,-1,6366.68,,746723.17,749328.12,746723.17,749233.79,2716.5899999999674,,,-7905.860000000001,-4938.330000000001,-8763.460000000001,-4947.3200000000015
1788154200,16.989,17.147,16.934,17.123,17.806,18.102,16.614,16.535,,,,,0,0,0,0,0,0,0,0,0,0,,,-1,3239.29,,749237.4,750294.2,749131.24,750294.2,1529.9799999999814,,,-4947.3200000000015,-4012.0000000000014,-5233.310000000001,-4879.770000000001
1788156000,17.123,17.232,17.084,17.15,17.806,18.102,16.614,16.535,,,,,0,0,0,0,0,0,0,0,0,0,,,1,6620.28,,750264.08,752467.84,750258.62,752461.96,4372.020000000019,,,-4879.770000000001,-3808.1500000000015,-5280.780000000002,-4830.110000000001
1788157800,17.15,17.184,17.08,17.094,17.806,18.102,16.614,16.535,,,,,0,0,0,0,0,0,0,0,0,0,,,1,3991.31,,752458.85,752996.12,752217.24,752321.48,-54.39000000001397,,,-4830.110000000001,-4666.77,-5552.330000000001,-5015.620000000001
1788159600,17.094,17.234,17,17.035,17.806,18.102,16.614,16.535,,,,,0,0,0,0,0,0,0,0,0,0,,,1,7246.99,,752323.12,753647.51,752080.06,753007.5,-1699.5299999999115,,,-5015.620000000001,-4823.530000000001,-9135.070000000002,-9117.79
1788161400,17.035,17.075,16.998,17.062,17.806,18.102,16.614,16.535,,,,,0,0,0,0,0,0,0,0,0,0,,,1,2709.14,,752997.54,753039.06,751871.79,751938.74,-2289.890000000014,,,-9117.79,-8344.61,-9300.79,-8390.650000000001
1788163200,17.062,17.164,17.041,17.084,17.806,18.102,16.614,16.535,,,,,0,0,0,0,0,0,0,0,0,0,,,1,4260.74,,751938.2,753347.06,751672.05,752366.18,-1185.6900000000605,,,-8390.650000000001,-6667.890000000002,-8417.070000000002,-6667.890000000002
1788165000,17.084,17.232,17.043,17.175,17.234,17.806,16.614,16.535,,,,,0,0,0,0,0,0,0,0,0,0,,,1,3261.12,,752375.52,753770.28,752228,753701.16,-414.7700000000186,,,-6667.890000000002,-5994.310000000002,-6941.810000000002,-6511.310000000002
1788166800,17.175,17.366,17.168,17.233,17.806,18.102,16.998,16.614,,,,,0,0,0,0,0,0,0,0,0,0,,,1,4304.82,,753701.4,756756.32,753478.08,756752.32,1191.7700000000186,,,-6511.310000000002,-4231.760000000002,-6629.640000000002,-4584.370000000003
1788168600,17.233,17.305,17.174,17.236,17.806,18.102,16.998,16.614,,,,,0,0,0,0,0,0,0,0,0,0,,,1,1796.24,,756751.72,757232.78,756552.35,756585.14,-1140.1699999999255,,,-4584.370000000003,-3980.4100000000026,-4775.130000000003,-4380.670000000003
1788170400,17.236,17.365,17.158,17.332,17.806,18.102,16.998,16.614,,,,,0,0,0,0,0,0,0,0,0,0,,,1,4710.65,,756584.12,757895.3,756236.88,757709.84,-408.10999999998603,,,-4380.670000000003,-4380.670000000003,-5669.420000000003,-4414.340000000003
1788172200,17.332,17.472,17.291,17.406,17.806,18.102,16.998,16.614,,,,,0,0,0,0,0,0,0,0,0,0,,,1,14176.22,,757706.88,759932.4,753101.78,753298.7,1523.8199999999488,,,-4414.340000000003,-2650.060000000003,-9388.260000000002,-7430.940000000004
1788174000,17.406,17.417,17.24,17.255,17.806,18.102,16.998,16.614,,,,,0,0,0,0,0,0,0,0,0,0,,,1,7329.07,,753344.34,754374.65,752857.22,752873.82,-1444.8000000000466,,,-7430.940000000004,-7430.940000000004,-11139.600000000006,-11125.930000000004
1788175800,17.255,17.274,17.097,17.123,17.806,18.102,16.998,16.614,,,,,0,0,0,0,0,0,0,0,0,0,,,1,5642.58,,752866.62,753287.08,751036.84,751036.84,-1087.3800000000047,,,-11125.930000000004,-11019.310000000003,-15450.750000000004,-15450.750000000004
1788177600,17.123,17.304,17.109,17.153,17.472,17.806,16.998,16.614,,,,,0,0,0,0,0,0,0,0,0,0,,,1,7788.27,,751007.48,751365.38,749589.07,750292.5,-1049.5100000000093,,,-15450.750000000004,-11550.470000000005,-15450.750000000004,-13202.640000000003
1788179400,17.153,17.173,17.011,17.071,17.472,17.806,16.998,16.614,,,,,0,0,0,0,0,0,0,0,0,0,,,1,7688.86,,750272.45,750273.5,745260.92,745495.87,-2867.8799999998882,,,-13202.640000000003,-12887.950000000003,-17651.640000000003,-17415.280000000002
1788181200,17.071,17.209,17.05,17.085,17.472,17.806,16.998,16.614,,,,,0,0,0,0,0,0,0,0,0,0,,,1,3928.15,,745500.08,745528.24,744675.64,744675.64,261.36999999999534,,,-17415.280000000002,-16434.820000000003,-17795.63,-16836.49
1788183000,17.085,17.162,16.765,16.79,17.472,17.806,16.614,16.535,,,,,0,0,0,0,0,0,0,0,0,0,,,1,14311.83,,744688.25,744734.42,736525.5,736787.93,-3302.2700000000186,,,-16836.49,-13646.150000000001,-18717.36,-15352.460000000003
1788184800,16.79,16.975,16.774,16.973,17.472,17.806,16.614,16.535,,,,,0,0,0,0,0,0,0,0,0,0,,,1,13740.63,,736772.4,738180.14,735356.68,736368.14,-508.3300000000745,,,-15352.460000000003,-7796.120000000003,-15352.460000000003,-9669.290000000003
1788186600,16.973,17.134,16.953,17.13,17.472,17.806,16.614,16.535,,,,,0,0,0,0,0,0,0,0,0,0,,,-1,5176.96,,736365.2,738005.83,736194.97,737387.09,268.75,,,-9669.290000000003,-9274.550000000003,-11870.620000000003,-11760.810000000003
1788188400,17.13,17.158,16.921,16.983,17.472,17.806,16.765,16.614,,,,,0,0,0,0,0,0,0,0,0,0,,,-1,7113.54,,737413.74,737494.02,735190.36,736123.1,-2947.7600000000093,,,-11760.810000000003,-11760.810000000003,-15623.340000000004,-14809.510000000002
1788190200,16.983,17.11,16.958,17.009,17.472,17.806,16.765,16.614,,,,,0,0,0,0,0,0,0,0,0,0,,,-1,3397.85,,736120.46,736127.82,735464.92,735623.85,-423.28999999992084,,,-14809.510000000002,-13785.670000000002,-14831.210000000003,-14597.920000000002
1788192000,17.009,17.246,16.981,17.059,17.472,17.806,16.765,16.614,,,,,0,0,0,0,0,0,0,0,0,0,,,-1,9190.16,,735636.8,739571.53,735572.06,738355.78,395.7299999999814,,,-14597.920000000002,-10517.430000000002,-15180.080000000002,-12003.920000000002
1788193800,17.059,17.248,17.019,17.136,17.472,17.806,16.765,16.614,,,,,0,0,0,0,0,0,0,0,0,0,,,-1,8487.35,,738353.02,738353.02,736199.64,736199.64,860.5899999999674,,,-12003.920000000002,-10581.730000000001,-14454.45,-14454.45
1788195600,17.136,17.145,17.02,17.064,17.472,17.806,16.765,16.614,,,,,0,0,0,0,0,0,0,0,0,0,,,-1,6735.95,,736206.76,736566.1,733826.78,734022.38,-2000.1300000000047,,,-14454.45,-14424.400000000001,-17275.48,-16292.34
1788197400,17.064,17.424,17.011,17.366,17.472,17.806,16.765,16.614,,,,,0,0,0,0,0,0,0,0,0,0,,,-1,14407.74,,734019.34,743968.17,733921.34,743628.21,3362.5400000000373,,,-16292.34,-6448.6,-16631.03,-6736.980000000001
1788199200,17.366,17.441,17.25,17.333,17.472,17.806,16.765,16.614,,,,,0,0,0,0,0,0,0,0,0,0,,,1,5471.1,,743613.6,745489.76,743586.78,745314.5,-1304.3100000000559,,,-6736.980000000001,-6586.780000000002,-8160.160000000002,-6710.100000000002
1788201000,17.333,17.451,17.287,17.387,17.472,17.806,16.765,16.614,,,,,0,0,0,0,0,0,0,0,0,0,,,1,3427.61,,745313.3,745495.28,744940.39,745101.8,-1371.6999999999534,,,-6710.100000000002,-5166.090000000002,-6771.390000000002,-5210.0300000000025
1788202800,17.387,17.405,17.223,17.27,17.472,17.806,16.765,16.614,,,,,0,0,0,0,0,0,0,0,0,0,,,1,7870.7,,745101.47,748528.3,745098.5,748528.3,-2417.9100000000326,,,-5210.0300000000025,-5210.0300000000025,-7217.730000000003,-5727.850000000002
1788204600,17.27,17.368,17.222,17.311,17.472,17.806,16.765,16.614,,,,,0,0,0,0,0,0,0,0,0,0,,,1,4053.95,,748528.12,750087.59,747568.04,750055.56,1144.9799999999814,,,-5727.850000000002,-5159.790000000003,-6492.520000000002,-5996.2800000000025
1788206400,17.311,17.395,17.231,17.26,17.4615,17.806,16.765,16.614,,,,,0,0,0,0,0,0,0,0,0,0,,,1,2155.32,,750053.88,750649.06,750049.39,750645.02,545.8000000000466,,,-5996.2800000000025,-5745.000000000003,-6441.730000000002,-6272.200000000003
1788208200,17.26,17.299,17.126,17.143,17.4615,17.806,16.765,16.614,,,,,0,0,0,0,0,0,0,0,0,0,,,1,2676,,750640.08,751279.14,750426.16,751225.12,-1758.9799999999814,,,-6272.200000000003,-5921.970000000002,-6836.720000000003,-6339.220000000002
1788210000,17.143,17.201,17.086,17.164,17.4615,17.806,16.765,16.614,,,,,0,0,0,0,0,0,0,0,0,0,,,1,3329.35,,751246.94,753178.31,750886.9,753176.28,1111.469999999972,,,-6339.220000000002,-6310.720000000002,-7079.970000000002,-6716.370000000002
1788211800,17.164,17.225,17.09,17.097,17.4615,17.806,16.765,16.614,,,,,0,0,0,0,0,0,0,0,0,0,,,1,2650.57,,753186.84,754756.54,753186.84,754750.2,-145.45999999996275,,,-6716.370000000002,-5308.890000000001,-6716.370000000002,-5582.200000000002
1788213600,17.097,17.122,16.974,16.98,17.4615,17.806,16.765,16.614,,,,,0,0,0,0,0,0,0,0,0,0,,,1,3217.46,,754733.72,755483.32,754640.12,754852.34,148.46999999997206,,,-5582.200000000002,-5199.420000000002,-7103.480000000001,-7103.480000000001
1788215400,16.98,16.997,16.768,16.793,17.4615,17.806,16.765,16.614,,,,,0,0,0,0,0,0,0,0,0,0,,,1,10878.69,,754848.94,756536.84,753365.76,754112.8,6378.959999999963,,,-7103.480000000001,-4373.710000000001,-9049.500000000002,-6675.37
1788217200,16.793,16.88,16.686,16.799,17.4615,17.806,16.614,16.535,,,,,0,0,0,0,0,0,0,0,0,0,,,-1,13492.42,,754113.85,754280.66,751749.8,752098.82,5969.400000000023,,,-6675.37,-5248.84,-11631.23,-11269.650000000001
1788219000,16.799,16.809,16.734,16.737,17.4615,17.806,16.614,16.535,,,,,0,0,0,0,0,0,0,0,0,0,,,-1,1476.05,,752082.81,752189.44,751782.54,751851.94,1304.2299999999814,,,-11269.650000000001,-11035.11,-11407.010000000002,-11132.700000000003
1788220800,16.737,16.926,16.706,16.892,17.4615,17.806,16.614,16.535,,,,,0,0,0,0,0,0,0,0,0,0,,,-1,5793.63,,751819.42,753033.46,751817.16,752795.26,-495.60999999998603,,,0,2242.8599999999997,-171.01,2224.79
1788222600,16.892,17.015,16.874,16.92,17.4615,17.806,16.686,16.614,,,,,0,0,0,0,0,0,0,0,0,0,,,-1,6132.61,,752781.55,755937.14,752596.3,755287.78,186.72999999998137,,,2224.79,4307.5,2055.94,2540.920000000001
1788224400,16.92,16.978,16.797,16.808,17.4615,17.806,16.686,16.614,,,,,0,0,0,0,0,0,0,0,0,0,,,-1,2262.17,,755159.68,755159.68,754183.23,754328.6,1078.640000000014,,,2540.920000000001,3050.080000000001,2084.330000000001,2084.330000000001
1788226200,16.808,16.861,16.775,16.806,17.4615,17.806,16.686,16.614,,,,,0,0,0,0,0,0,0,0,0,0,,,-1,1958.83,,754032.12,754032.22,753202.2,753202.2,903.5300000000279,,,2084.330000000001,2084.330000000001,1456.2300000000007,1897.2800000000007
1788228000,16.806,16.811,16.704,16.737,17.015,17.4615,16.686,16.614,,,,,0,0,0,0,0,0,0,0,0,0,,,-1,3202.44,,753196.94,753567.4,753104.58,753567.4,-957.8499999999767,,,1897.2800000000007,3300.640000000001,1858.2400000000007,3082.8400000000006
1788229800,16.737,16.928,16.733,16.921,17.015,17.4615,16.686,16.614,,,,,0,0,0,0,0,0,0,0,0,0,,,-1,1946.93,,753567.82,753567.82,752699.27,752922.3,2289.0899999999674,,,3082.8400000000006,4529.090000000001,3030.8100000000004,4529.090000000001
1788231600,16.921,16.933,16.834,16.859,17.015,17.4615,16.686,16.614,,,,,0,0,0,0,0,0,0,0,0,0,,,-1,1903.82,,753145.62,753717.36,753142.76,753484.18,-1424.4399999999441,,,4529.090000000001,5057.380000000001,4529.090000000001,4871.810000000001
1788233400,16.859,17.149,16.858,17.126,17.4615,17.806,16.695,16.614,,,,,0,0,0,0,0,0,0,0,0,0,,,-1,4489,,753492.74,757092.16,753487.4,756999.36,1796.75,,,4871.810000000001,5948.080000000002,4871.810000000001,5791.810000000001
1788235200,17.126,17.468,17.117,17.314,17.4615,17.806,16.695,16.614,,,,,0,0,0,0,0,0,0,0,0,0,,,1,10198.55,,757006.24,761258.28,757006.24,761258.28,9402.369999999995,,,5791.810000000001,11701.560000000001,5791.810000000001,10352.660000000002
1788237000,17.314,17.346,17.05,17.108,17.4615,17.806,16.695,16.614,,,,,0,0,0,0,0,0,0,0,0,0,,,1,7566.31,,761256.7,762948.18,761252.26,762857.48,-4138.5800000000745,,,10352.660000000002,10513.500000000002,5241.880000000001,6198.5700000000015
1788238800,17.108,17.174,16.997,17.082,17.4615,17.806,16.695,16.614,,,,,0,0,0,0,0,0,0,0,0,0,,,1,4628.16,,762939,762978.36,761614.88,762152.22,-811.1500000000233,,,6198.5700000000015,7334.090000000002,6092.550000000001,7334.090000000002
1788240600,17.082,17.196,17.078,17.122,17.46366666666667,17.806,16.695,16.614,,,,,0,0,0,0,0,0,0,0,0,0,,,1,5561.13,,762148.28,762877.5,761767.42,761999.88,-1357.9199999999255,,,7334.090000000002,11696.45,7334.090000000002,11466.94
1788242400,17.122,17.122,16.928,16.958,17.46366666666667,17.806,16.695,16.614,,,,,0,0,0,0,0,0,0,0,0,0,,,1,4411.78,,761993.24,762177.32,760059.89,760098.26,-3431.4599999999627,,,11466.94,11530.74,10116.11,10807.300000000001
1788244200,16.958,16.986,16.864,16.896,17.46366666666667,17.806,16.695,16.614,,,,,0,0,0,0,0,0,0,0,0,0,,,1,1887.3,,760096.2,760096.2,759412.74,759821.6,-224.90000000002328,,,10807.300000000001,11131.11,10146.890000000001,10452.140000000001
1788246000,16.896,16.975,16.871,16.928,17.46366666666667,17.806,16.695,16.614,,,,,0,0,0,0,0,0,0,0,0,0,,,1,1259.83,,759837.92,760141.5,759538.55,760084.78,-1578.3000000000466,,,10452.140000000001,10830.19,10225.28,10780.03
1788247800,16.928,16.957,16.884,16.898,17.46366666666667,17.806,16.695,16.614,,,,,0,0,0,0,0,0,0,0,0,0,,,1,1194.01,,760084.98,760234.66,759186.64,759186.64,-486.8399999999674,,,10780.03,11414.310000000001,10780.03,11122.240000000002
1788249600,16.898,16.904,16.672,16.689,17.46366666666667,17.806,16.695,16.614,,,,,0,0,0,0,0,0,0,0,0,0,,,1,10393.29,,759184.64,763586.48,757541.48,763573.14,-1380.8100000000559,,,11122.240000000002,11163.050000000003,7260.350000000002,7260.350000000002
1788251400,16.689,16.807,16.677,16.721,17.46366666666667,17.806,16.695,16.614,,,,,0,0,0,0,0,0,0,0,0,0,,,1,3428.34,,763563.24,764329.6,763524.66,764308.92,-14.32999999995809,,,7260.350000000002,7362.900000000002,6378.610000000002,6400.290000000002
1788253200,16.721,16.78,16.701,16.737,17.46366666666667,17.806,16.695,16.614,,,,,0,0,0,0,0,0,0,0,0,0,,,-1,2193.9,,764352.42,764431.48,763799.18,764013.24,703.1199999999953,,,6400.290000000002,6449.810000000002,5607.850000000002,5664.050000000002
1788255000,16.737,16.759,16.696,16.704,17.46366666666667,17.806,16.68733333333333,16.614,,,,,0,0,0,0,0,0,0,0,0,0,,,-1,3566.03,,764014,764563.66,763744.3,764451.68,183.4899999999907,,,5664.050000000002,6923.1500000000015,5585.100000000002,5891.880000000002
1788256800,16.704,16.8,16.698,16.779,17.46366666666667,17.806,16.68733333333333,16.614,,,,,0,0,0,0,0,0,0,0,0,0,,,-1,4056.21,,764443.22,764443.22,762113.03,762623.88,1676.0500000000466,,,5891.880000000002,6188.550000000002,4065.350000000002,4725.670000000002
1788258600,16.779,16.873,16.712,16.734,17.46366666666667,17.806,16.68733333333333,16.614,,,,,0,0,0,0,0,0,0,0,0,0,,,-1,6583.54,,762617.58,762813.1,760991.59,762310.22,710.5699999999488,,,4725.670000000002,6546.250000000002,3873.330000000002,3940.7300000000023
1788260400,16.734,16.859,16.711,16.787,17.46366666666667,17.806,16.68733333333333,16.614,,,,,0,0,0,0,0,0,0,0,0,0,,,-1,3788.34,,762339.56,764461.56,762339.56,763105.62,1136.280000000028,,,3940.7300000000023,5188.400000000002,3450.2300000000023,4700.210000000002
1788262200,16.787,16.988,16.747,16.921,17.46366666666667,17.806,16.68733333333333,16.614,,,,,0,0,0,0,0,0,0,0,0,0,,,-1,4332.26,,763100.12,764167.34,762069.1,763919.82,1111.4499999999534,,,4700.210000000002,5649.180000000001,4283.5700000000015,5540.530000000002
1788264000,16.921,16.934,16.807,16.835,17.46366666666667,17.806,16.68733333333333,16.614,,,,,0,0,0,0,0,0,0,0,0,0,,,-1,5479.4,,763921.72,766188.68,763525.3,765537.96,-1161.5599999999395,,,5540.530000000002,5540.530000000002,2723.5400000000013,2814.9900000000016
1788265800,16.835,16.835,16.122,16.382,17.46366666666667,17.806,15.872,15.719,,,,,0,0,0,0,0,0,0,0,0,0,,,-1,41797.63,,765559.14,766867.68,755656.04,758169.54,-6482.719999999972,,,2814.9900000000016,2814.9900000000016,-27493.249999999996,-20741.420000000002
1788267600,16.382,16.468,16.293,16.372,16.988,17.46366666666667,15.872,15.719,,,,,0,0,0,0,0,0,0,0,0,0,,,-1,10266.69,,758189.2,762504.02,758189.2,761048.52,6805.899999999907,,,-20741.420000000002,-18903.22,-21736.83,-21250.07
1788269400,16.372,16.454,16.293,16.351,16.988,17.46366666666667,15.872,15.719,,,,,0,0,0,0,0,0,0,0,0,0,,,-1,4890.81,,761018.92,761056.52,760230.06,760435.25,577.6700000000419,,,-21250.07,-20999.8,-22389.87,-22231.2
1788271200,16.351,16.5,16.316,16.413,16.988,17.46366666666667,16.122,15.872,,,,,0,0,0,0,0,0,0,0,0,0,,,-1,3779.49,,760412.04,760779.08,759803.1,759809.58,-2024.0699999999488,,,-22231.2,-21551.39,-22276.63,-21743.21
1788273000,16.413,16.468,16.314,16.318,16.988,17.46366666666667,16.122,15.872,,,,,0,0,0,0,0,0,0,0,0,0,,,-1,6111.08,,759810.48,759810.48,757773.16,758466.08,-1576.2000000000698,,,-21743.21,-21586.78,-24508.28,-24466.53
1788274800,16.318,16.323,16.047,16.138,16.988,17.46366666666667,15.872,15.719,,,,,0,0,0,0,0,0,0,0,0,0,,,-1,25524.2,,758466.71,759849.26,748020.06,748020.06,198.72999999998137,,,-24466.53,-20304.1,-33277.24,-20716.43
1788276600,16.138,16.159,16.05,16.066,16.988,17.46366666666667,15.872,15.719,,,,,0,0,0,0,0,0,0,0,0,0,,,-1,6311.99,,748023.5,748216.8,746799.43,747331.85,-2133.4799999999814,,,-20716.43,-20387.63,-21868.34,-21385.8
1788278400,16.066,16.152,15.938,16.142,16.988,17.46366666666667,15.872,15.719,,,,,0,0,0,0,0,0,0,0,0,0,,,-1,21428.01,,747273.94,748580.34,745791.55,748321.45,-1187.5400000000373,,,-21385.8,-19547.809999999998,-26982.779999999995,-24116.909999999996
1788280200,16.142,16.193,16.01,16.13,16.988,17.46366666666667,15.872,15.719,,,,,0,0,0,0,0,0,0,0,0,0,,,-1,6775.13,,748246.93,748259.2,746437.74,746665.98,170.89000000001397,,,-24116.909999999996,-23106.219999999994,-25124.499999999996,-23603.419999999995
1788282000,16.13,16.183,16.066,16.136,16.988,17.46366666666667,15.872,15.719,,,,,0,0,0,0,0,0,0,0,0,0,,,-1,2929.75,,746665.34,746665.34,745485.22,746184.38,338.04000000003725,,,-23603.419999999995,-23133.569999999996,-23777.749999999996,-23777.749999999996
1788283800,16.136,16.18,15.926,15.935,16.988,17.46366666666667,15.872,15.719,,,,,0,0,0,0,0,0,0,0,0,0,,,-1,5401.85,,746185.52,747031.72,746022.11,746944.98,305.5999999999767,,,-23777.749999999996,-23504.649999999998,-26531.049999999996,-26016.219999999998
1788285600,15.935,16.058,15.887,15.995,16.988,17.46366666666667,15.872,15.719,,,,,0,0,0,0,0,0,0,0,0,0,,,-1,9298.92,,746938.22,748956.06,746281.44,747956.58,1096.0400000000373,,,-26016.219999999998,-24139.019999999997,-27473.529999999995,-27307.079999999998
1788287400,15.995,16.054,15.868,16.046,16.988,17.46366666666667,15.872,15.719,,,,,0,0,0,0,0,0,0,0,0,0,,,-1,5223.8,,747954.1,750229.22,747388.68,750222.13,292.8199999999488,,,-27307.079999999998,-26732.559999999998,-28619.42,-26732.559999999998
1788289200,16.046,16.185,15.976,16.094,16.988,17.46366666666667,15.872,15.719,,,,,0,0,0,0,0,0,0,0,0,0,,,-1,4638.21,,750229.42,751435.44,749512.28,751128.64,-906.9699999999721,,,-26732.559999999998,-24646.78,-26926.12,-24659.109999999997
1788291000,16.094,16.107,16.028,16.073,16.988,17.46366666666667,15.872,15.719,,,,,0,0,0,0,0,0,0,0,0,0,,,-1,3633.67,,751182.8,751182.8,750077.22,750136.44,574.4799999999814,,,-24659.109999999997,-24659.109999999997,-25527.119999999995,-24968.519999999997
1788292800,16.073,16.084,15.999,16.023,16.988,17.46366666666667,15.870000000000001,15.719,,,,,0,0,0,0,0,0,0,0,0,0,,,-1,3345.53,,750143.02,750215.52,749177.48,749200.58,-2063.2299999999814,,,-24968.519999999997,-24490.769999999997,-25651.479999999996,-24741.629999999997
1788294600,16.023,16.033,15.916,16.026,16.185,16.988,15.870000000000001,15.719,,,,,0,0,0,0,0,0,0,0,0,0,,,-1,3681.46,,749200.27,749477.58,747860.4,748538.32,-1158.890000000014,,,-24741.629999999997,-24595.03,-26111.589999999997,-24595.03
1788296400,16.026,16.147,15.9,16,16.185,16.988,15.870000000000001,15.719,,,,,0,0,0,0,0,0,0,0,0,0,,,-1,8826.78,,748536.6,748782.79,746695.13,746954.06,6335.9400000000605,,,-24595.03,-21985.43,-25987.79,-22932.11
1788298200,16,16.276,15.973,16.265,16.988,17.46366666666667,15.870000000000001,15.719,,,,,0,0,0,0,0,0,0,0,0,0,,,-1,6058.8,,746950.82,748146.16,746245.8,748141.22,-4633.030000000028,,,-22932.11,-19372.31,-22932.11,-19981.61
1788300000,16.265,16.276,16.152,16.17,16.988,17.46366666666667,15.870000000000001,15.719,,,,,0,0,0,0,0,0,0,0,0,0,,,1,3043.12,,748192.19,748192.19,747059.56,747059.56,-8116.989999999991,,,-19981.61,-19681.99,-21138.170000000002,-21138.170000000002
1788301800,16.17,16.251,16.164,16.196,16.988,17.46366666666667,15.88,15.719,,,,,0,0,0,0,0,0,0,0,0,0,,,1,3417.13,,747089.84,747582.38,746657.58,746961.18,-45.660000000032596,,,-21138.170000000002,-20473.5,-21482.77,-21360.9
1788303600,16.196,16.273,16.193,16.271,16.988,17.46366666666667,15.88,15.719,,,,,0,0,0,0,0,0,0,0,0,0,,,1,2584.97,,746963.34,747926.11,746331.6,747742.42,98.57000000006519,,,-21360.9,-19529.710000000003,-21391.15,-19529.710000000003
1788305400,16.271,16.407,16.245,16.297,16.988,17.46366666666667,15.88,15.719,,,,,0,0,0,0,0,0,0,0,0,0,,,1,5158.24,,747736.2,748275.38,747280.37,747486.1,-2193.2900000000373,,,-19529.710000000003,-16432.420000000002,-19789.890000000003,-17028.250000000004
1788307200,16.297,16.447,16.28,16.308,16.988,17.46366666666667,15.88,15.719,,,,,0,0,0,0,0,0,0,0,0,0,,,1,10767.25,,747492.64,747492.64,741277.1,741286.38,-537.2900000000373,,,0,8115.840000000001,-10.590000000000003,6560.810000000002
1788309000,16.308,16.355,16.191,16.198,16.988,17.46366666666667,15.88,15.719,,,,,0,0,0,0,0,0,0,0,0,0,,,1,2715.48,,741285.34,741286.1,739471.74,739480.62,-1727.5699999999488,,,6560.810000000002,6805.700000000003,5902.960000000003,6144.450000000003
1788310800,16.198,16.328,16.194,16.319,16.988,17.46366666666667,15.88,15.719,,,,,0,0,0,0,0,0,0,0,0,0,,,1,2483.16,,739489.34,739506.2,738003.38,738003.38,518.8199999999488,,,6144.450000000003,6739.550000000003,6130.920000000003,6739.550000000003
1788312600,16.319,16.397,16.173,16.257,16.447,16.988,15.88,15.719,,,,,0,0,0,0,0,0,0,0,0,0,,,1,5106.5,,738025.05,738106.09,735917.86,735918.62,940.2100000000792,,,6739.550000000003,7390.660000000003,5528.580000000004,6243.9100000000035
1788314400,16.257,16.371,16.217,16.353,16.447,16.988,15.88,15.719,,,,,0,0,0,0,0,0,0,0,0,0,,,1,2999.08,,735890.78,736144.84,734316.26,734316.26,-249.89000000001397,,,6243.9100000000035,6656.640000000003,5997.750000000004,6577.050000000003
1788316200,16.353,16.424,16.325,16.424,16.447,16.988,15.88,15.719,,,,,0,0,0,0,0,0,0,0,0,0,,,1,2529.51,,734278.34,734278.34,733466.68,733467.74,-285.54000000003725,,,6577.050000000003,6628.410000000003,5876.680000000003,6163.060000000003
1788318000,16.424,16.593,16.386,16.543,16.988,17.46366666666667,16.173,15.88,,,,,0,0,0,0,0,0,0,0,0,0,,,1,7755.69,,733419.37,735579.82,732474.54,732474.54,3532.140000000014,,,6163.060000000003,7233.830000000004,4955.350000000003,5720.290000000003
1788319800,16.543,16.553,16.457,16.493,16.988,17.46366666666667,16.173,15.88,,,,,0,0,0,0,0,0,0,0,0,0,,,1,2220.81,,732473.91,732781.34,732342.18,732384.14,-2580.6500000000233,,,5720.290000000003,5720.290000000003,5172.7400000000025,5428.940000000002
1788321600,16.493,16.543,16.395,16.476,16.988,17.46366666666667,16.173,15.88,,,,,0,0,0,0,0,0,0,0,0,0,,,1,3015.48,,732384.02,732477.39,730992.86,731207.72,-534.5899999999674,,,5428.940000000002,5919.910000000003,5078.020000000002,5838.440000000002
1788323400,16.476,16.537,16.419,16.419,16.593,16.988,16.173,15.88,,,,,0,0,0,0,0,0,0,0,0,0,,,1,1626.66,,731207.02,731207.02,730558.58,730571.74,-754.5800000000745,,,5838.440000000002,6103.980000000002,5380.940000000002,5380.940000000002
1788325200,16.419,16.486,16.343,16.449,16.593,16.988,16.173,15.88,,,,,0,0,0,0,0,0,0,0,0,0,,,1,2902.99,,730541.3,730556.02,729612.14,730148.93,-511.9799999999814,,,5380.940000000002,5881.910000000003,4821.560000000002,5881.910000000003
1788327000,16.449,16.449,16.235,16.319,16.593,16.988,16.173,15.88,,,,,0,0,0,0,0,0,0,0,0,0,,,1,6702.76,,730196.5,730199.04,723901.38,723901.38,-2431.6699999999255,,,5881.910000000003,5881.910000000003,1298.5400000000027,1886.4900000000034
1788328800,16.319,16.352,16.227,16.23,16.593,16.988,16.173,15.88,,,,,0,0,0,0,0,0,0,0,0,0,,,1,4987.37,,723894.38,724198.72,722858.74,723078.39,1451.9799999999814,,,1886.4900000000034,2300.4700000000034,-1086.1999999999966,-1081.5199999999973
1788330600,16.23,16.373,16.174,16.362,16.593,16.988,16.173,15.88,,,,,0,0,0,0,0,0,0,0,0,0,,,1,3510.35,,723141.36,723226.62,722545.36,722938.88,829.4099999999162,,,-1081.5199999999973,666.9900000000025,-1603.3899999999971,666.9900000000025
1788332400,16.362,16.369,16.249,16.252,16.593,16.988,16.173,15.88,,,,,0,0,0,0,0,0,0,0,0,0,,,1,3268.86,,722943.62,724756.08,722943.62,724544.7,-2536.909999999916,,,666.9900000000025,818.8900000000025,-1043.4899999999975,-1043.4899999999975
1788334200,16.252,16.284,16.221,16.227,16.593,16.988,16.173,15.88,,,,,0,0,0,0,0,0,0,0,0,0,,,-1,1334.81,,724549.16,725077.5,724549.16,725077.02,-2437.2399999999907,,,-1043.4899999999975,-1010.5099999999975,-1936.6099999999976,-1831.9399999999976
1788336000,16.227,16.258,16.169,16.174,16.593,16.988,16.173,15.88,,,,,0,0,0,0,0,0,0,0,0,0,,,-1,968.97,,725067.38,725067.38,724413.88,724413.88,420.6699999999255,,,-1831.9399999999976,-1701.9899999999975,-2060.7899999999972,-2060.7899999999972
1788337800,16.174,16.174,15.986,16.084,16.593,16.988,15.88,15.719,,,,,0,0,0,0,0,0,0,0,0,0,,,-1,4165.15,,724414.65,724869.5,724067.66,724108.82,-5013.5,,,-2060.7899999999972,-2060.7899999999972,-3213.299999999997,-2404.9199999999964
1788339600,16.084,16.15,16.025,16.094,16.593,16.988,15.88,15.719,,,,,0,0,0,0,0,0,0,0,0,0,,,-1,2000.79,,724095.56,724177.38,723464.64,723550.26,1040.890000000014,,,-2404.9199999999964,-2189.2399999999966,-2768.3299999999963,-2623.109999999996
1788341400,16.094,16.103,15.885,15.933,16.593,16.988,15.88,15.719,,,,,0,0,0,0,0,0,0,0,0,0,,,-1,6575.65,,723540.68,723664.04,722201.1,722263.24,1415.7600000000093,,,-2623.109999999996,-2623.109999999996,-5654.239999999994,-5654.239999999994
1788343200,15.933,15.949,15.829,15.871,16.593,16.988,15.719,,,,,,0,0,0,0,0,0,0,0,0,0,,,-1,6074.91,,722321.86,723316.52,721604.44,722286.56,-252.95999999996275,,,-5654.239999999994,-5654.239999999994,-8350.519999999993,-7620.509999999994
1788345000,15.871,15.933,15.816,15.921,16.593,16.988,15.719,,,,,,0,0,0,0,0,0,0,0,0,0,,,-1,3226.8,,722283.31,722297.5,720377.96,720387.6,-1265.9899999999907,,,-7620.509999999994,-6882.629999999994,-7855.109999999993,-6882.629999999994
1788346800,15.921,15.945,15.757,15.775,16.593,16.988,15.719,,,,,,0,0,0,0,0,0,0,0,0,0,,,-1,7407.06,,720389.14,721700.66,720330.86,720494.6,5233.609999999986,,,-6882.629999999994,-6882.629999999994,-11727.439999999993,-10773.509999999995
1788348600,15.775,15.849,15.741,15.793,16.593,16.988,15.719,,,,,,0,0,0,0,0,0,0,0,0,0,,,-1,2855.95,,720509.76,720534.14,719597.4,719831.98,230.1600000000326,,,-10773.509999999995,-10773.509999999995,-11988.689999999995,-11605.579999999994
1788350400,15.793,15.928,15.764,15.874,16.593,16.988,15.719,,,,,,0,0,0,0,0,0,0,0,0,0,,,-1,2820.84,,719741.6,719754.2,718539.72,718645.32,1390.7699999999022,,,-11605.579999999994,-10306.869999999995,-12032.559999999994,-10412.519999999995
1788352200,15.874,15.88,15.744,15.769,16.593,16.988,15.719,,,,,,0,0,0,0,0,0,0,0,0,0,,,-1,3315.69,,718643.94,718752.36,718356.04,718356.04,1392.0500000000466,,,-10412.519999999995,-10325.839999999995,-13366.089999999995,-13366.089999999995
1788354000,15.769,15.865,15.769,15.841,16.593,16.988,15.73,,,,,,0,0,0,0,0,0,0,0,0,0,,,-1,1691.11,,718355.41,718680.18,717553.96,717553.96,-928.4499999999534,,,-13366.089999999995,-13101.759999999995,-13527.149999999994,-13229.719999999994
1788355800,15.841,16.072,15.8,15.99,16.593,16.988,15.73,,,,,,0,0,0,0,0,0,0,0,0,0,,,-1,5084.48,,717553.87,717579.88,716275.36,716628.44,-3590.3800000000047,,,-13229.719999999994,-11484.419999999995,-13624.159999999993,-13277.019999999993
1788357600,15.99,16.101,15.921,16.049,16.593,16.988,15.73,,,,,,0,0,0,0,0,0,0,0,0,0,,,-1,8032.32,,716612.22,717734.19,716390.6,717585.8,269.0199999999022,,,-13277.019999999993,-10151.199999999993,-14434.859999999993,-10225.219999999994
1788359400,16.049,16.11,15.983,16.017,16.593,16.988,15.73,,,,,,0,0,0,0,0,0,0,0,0,0,,,-1,4442.59,,717580.92,718809.07,717458.84,717595.02,-3627.4499999999534,,,-10225.219999999994,-10166.889999999994,-12866.269999999993,-12866.269999999993
1788361200,16.017,16.057,15.762,15.829,16.593,16.988,15.73,,,,,,0,0,0,0,0,0,0,0,0,0,,,-1,10506.18,,717607.07,718236.21,717122.3,718236.21,650.75,,,-12866.269999999993,-12866.269999999993,-19727.25999999999,-19356.229999999992
1788363000,15.829,15.903,15.798,15.896,16.593,16.988,15.73,,,,,,0,0,0,0,0,0,0,0,0,0,,,-1,2470.59,,718237.55,718586.82,718121.1,718415.7,-358.0100000000093,,,-19356.229999999992,-19187.729999999992,-20199.819999999992,-19473.21999999999
1788364800,15.896,16.061,15.838,15.989,16.11,16.593,15.73,,,,,,0,0,0,0,0,0,0,0,0,0,,,-1,4299.2,,718386.72,719601.78,718019.96,718019.96,740.6600000000326,,,-19473.21999999999,-17906.73999999999,-19668.65999999999,-19381.71999999999
1788366600,15.989,16.013,15.847,15.863,16.11,16.593,15.740666666666668,,,,,,0,0,0,0,0,0,0,0,0,0,,,-1,3554.77,,718017.64,720167.56,718017.02,719368.12,972.9699999999721,,,-19381.71999999999,-18928.78999999999,-20927.72999999999,-20669.88999999999
1788368400,15.863,15.886,15.822,15.883,16.11,16.593,15.740666666666668,,,,,,0,0,0,0,0,0,0,0,0,0,,,-1,2214.69,,719367.06,719367.06,717958.12,717981.76,102.93000000005122,,,-20669.88999999999,-20669.88999999999,-22106.349999999988,-21975.059999999987
1788370200,15.883,16.03,15.844,16.005,16.11,16.593,15.740666666666668,,,,,,0,0,0,0,0,0,0,0,0,0,,,-1,4714.65,,717966.65,718790.08,716835.73,718652.16,1862.2099999999627,,,-21975.059999999987,-17979.309999999987,-21988.539999999986,-18155.70999999999
1788372000,16.005,16.028,15.914,15.961,16.11,16.593,15.740666666666668,,,,,,0,0,0,0,0,0,0,0,0,0,,,-1,4182.29,,718639.58,720602.52,718615.98,720452.16,-2980.8699999999953,,,-18155.70999999999,-16620.779999999988,-18824.579999999987,-17082.71999999999
1788373800,15.961,16.055,15.933,16.055,16.11,16.593,15.740666666666668,,,,,,0,0,0,0,0,0,0,0,0,0,,,-1,1102.8,,720519.66,720546.72,720052.34,720077.94,963.9000000000233,,,-17082.71999999999,-17000.35999999999,-17393.65999999999,-17216.91999999999
1788375600,16.055,16.094,15.968,15.973,16.11,16.593,15.740666666666668,,,,,,0,0,0,0,0,0,0,0,0,0,,,-1,1635.44,,720083.26,720608.38,719889.54,720558.66,-13.090000000083819,,,-17216.91999999999,-16626.28999999999,-17278.77999999999,-16930.659999999993
1788377400,15.973,15.976,15.892,15.939,16.11,16.593,15.740666666666668,,,,,,0,0,0,0,0,0,0,0,0,0,,,-1,3838.55,,720555.88,720606.73,718643.7,719097.62,-3284.1699999999255,,,-16930.659999999993,-16930.659999999993,-18603.819999999992,-18251.409999999993
1788379200,15.939,16.02,15.919,15.935,16.11,16.593,15.740666666666668,,,,,,0,0,0,0,0,0,0,0,0,0,,,-1,1847.1,,719093.64,719160.44,718881.9,719055.64,1659.719999999972,,,-18251.409999999993,-17737.999999999993,-18304.18999999999,-17941.449999999993
1788381000,15.935,15.974,15.922,15.954,16.102,16.593,15.740666666666668,,,,,,0,0,0,0,0,0,0,0,0,0,,,-1,637.65,,719047.34,719047.34,718747.64,718748.4,-165.6700000000419,,,-17941.449999999993,-17917.839999999993,-18146.659999999993,-18146.659999999993
1788382800,15.954,15.965,15.878,15.891,16.102,16.593,15.740666666666668,,,,,,0,0,0,0,0,0,0,0,0,0,,,-1,4853.01,,718747.96,718759.44,715360.45,715360.45,201.2300000000978,,,-18146.659999999993,-18102.409999999993,-20583.589999999993,-19456.389999999992
1788384600,15.891,16.348,15.877,16.089,16.593,16.988,15.740666666666668,,,,,,0,0,0,0,0,0,0,0,0,0,,,-1,26627.71,,715361.27,715361.27,709996,712377.85,3351.25,,,-19456.389999999992,3012.580000000009,-19864.32999999999,2099.280000000006
1788386400,16.089,16.11,15.967,15.974,16.593,16.988,15.740666666666668,,,,,,0,0,0,0,0,0,0,0,0,0,,,1,6126.77,,712395.08,712395.08,708219.86,708262.22,-1417.2399999999907,,,2099.280000000006,2099.280000000006,-676.5899999999938,688.6500000000055
1788388200,15.974,16.106,15.969,16.005,16.593,16.988,15.740666666666668,,,,,,0,0,0,0,0,0,0,0,0,0,,,1,1954.56,,708259.58,708784.52,707698.75,708509.48,-356.1600000000326,,,688.6500000000055,2073.4500000000053,625.9700000000055,1913.7500000000057
1788390000,16.005,16.174,16.001,16.097,16.348,16.593,15.877,15.740666666666668,,,,,0,0,0,0,0,0,0,0,0,0,,,1,4519.93,,708492.08,708537.68,706520.9,706529.77,1707.1500000000233,,,1913.7500000000057,3537.5600000000054,1707.0200000000057,2836.3600000000056
1788391800,16.097,16.257,16.036,16.245,16.348,16.593,15.877,15.740666666666668,,,,,0,0,0,0,0,0,0,0,0,0,,,1,3235.18,,706530.85,706573.18,705959.16,706558.96,-7248.119999999995,,,2836.3600000000056,3339.160000000006,2040.1600000000058,3339.160000000006
1788393600,16.245,16.284,16.091,16.125,16.348,16.593,15.877,15.740666666666668,,,,,0,0,0,0,0,0,0,0,0,0,,,1,3982.27,,706549.96,706680.69,704253.1,704258.68,-3784.4400000000605,,,0,0,-2352.2599999999993,-2011.889999999999
1788395400,16.125,16.148,16.036,16.059,16.348,16.593,15.877,15.740666666666668,,,,,0,0,0,0,0,0,0,0,0,0,,,1,2066.27,,704257.26,704810.95,704123.2,704778.63,-700.5999999999767,,,-2011.889999999999,-2011.889999999999,-3064.569999999999,-2493.9399999999987
1788397200,16.059,16.296,16.025,16.269,16.348,16.593,15.877,15.740666666666668,,,,,0,0,0,0,0,0,0,0,0,0,,,1,2923.26,,704777.4,704789.42,704394.94,704726.28,2134.7299999999814,,,-2493.9399999999987,-1627.8699999999988,-2724.0199999999986,-2369.0199999999986
1788399000,16.269,16.293,16.1,16.121,16.348,16.593,15.877,15.740666666666668,,,,,0,0,0,0,0,0,0,0,0,0,,,1,1517.02,,704725.26,705081.8,704301.36,704308.15,-2189.4599999999627,,,-2369.0199999999986,-2186.4599999999987,-2920.8999999999987,-2824.7199999999984
1788400800,16.121,16.15,16.083,16.142,16.348,16.593,15.877,15.740666666666668,,,,,0,0,0,0,0,0,0,0,0,0,,,1,1169.81,,704309.1,704338.95,703977.9,703977.9,-1123.7100000000792,,,-2824.7199999999984,-2561.9199999999983,-2882.9099999999985,-2709.9899999999984
1788402600,16.142,16.314,16.14,16.284,16.348,16.593,16.025,15.877,,,,,0,0,0,0,0,0,0,0,0,0,,,1,2438.76,,704064.82,704277.2,703557.14,703572.38,330.54000000003725,,,-2709.9899999999984,-2053.249999999998,-2709.9899999999984,-2183.8099999999986
1788404400,16.284,16.489,16.251,16.431,16.593,16.988,16.025,15.877,,,,,0,0,0,0,0,0,0,0,0,0,,,1,4949.76,,703560.98,704148.71,703444.85,703513.48,-326.70999999996275,,,-2183.8099999999986,695.5500000000015,-2330.8399999999983,293.65000000000146
1788406200,16.431,16.477,16.354,16.458,16.593,16.988,16.025,15.877,,,,,0,0,0,0,0,0,0,0,0,0,,,1,2640.11,,703512.72,703678.54,702854.14,702987,536.9299999999348,,,293.65000000000146,842.9600000000014,225.4000000000014,736.9400000000016
1788408000,16.458,16.518,16.317,16.375,16.593,16.988,16.025,15.877,,,,,0,0,0,0,0,0,0,0,0,0,,,1,4330.15,,702934.61,703878.07,702786.61,703852.04,-759.9899999999907,,,736.9400000000016,1101.2100000000016,-66.70999999999844,-63.869999999998754
1788409800,16.375,16.449,16.343,16.448,16.593,16.988,16.025,15.877,,,,,0,0,0,0,0,0,0,0,0,0,,,1,5134.05,,703857.34,705488.93,703857.34,704898.26,1064.170000000042,,,-63.869999999998754,2652.0600000000013,-63.869999999998754,2652.0600000000013
1788411600,16.448,16.512,16.212,16.245,16.593,16.988,16.025,15.877,,,,,0,0,0,0,0,0,0,0,0,0,,,1,6133.99,,705273.98,705332.34,704261.22,704342.3,-117,,,2652.0600000000013,3549.5000000000014,1358.6500000000005,1560.2900000000004
1788413400,16.245,16.509,16.245,16.491,16.518,16.593,16.025,15.877,,,,,0,0,0,0,0,0,0,0,0,0,,,1,2898.44,,704344.32,706340.4,704344.32,706113.04,1557.969999999972,,,1560.2900000000004,3364.6400000000003,1560.2900000000004,3262.9900000000007
1788415200,16.491,16.51,16.402,16.417,16.518,16.593,16.025,15.877,,,,,0,0,0,0,0,0,0,0,0,0,,,1,2650.21,,706113.34,706263.19,705604.76,705604.76,-982.4200000000419,,,3262.9900000000007,4014.5500000000006,2979.2200000000007,3850.1800000000007
1788417000,16.417,16.443,16.321,16.378,16.518,16.593,16.212,16.025,,,,,0,0,0,0,0,0,0,0,0,0,,,1,3924.19,,705589.7,706896.34,705451.7,706767.52,3064.530000000028,,,3850.1800000000007,4674.4800000000005,2793.460000000001,2851.5100000000007
1788418800,16.378,16.535,16.341,16.373,16.593,16.988,16.212,16.025,,,,,0,0,0,0,0,0,0,0,0,0,,,1,4463.8,,706739.16,707014.4,706251.86,706274.46,588.2700000000186,,,2851.5100000000007,3809.850000000001,1594.5500000000006,1594.5500000000006
1788420600,16.373,16.434,16.245,16.28,16.593,16.988,16.212,16.025,,,,,0,0,0,0,0,0,0,0,0,0,,,1,2036.19,,704056.26,704272.06,704046.95,704089.7,-466.9899999999907,,,1594.5500000000006,1594.5500000000006,629.5500000000005,773.4600000000005
1788422400,16.28,16.416,16.277,16.326,16.593,16.988,16.212,16.025,,,,,0,0,0,0,0,0,0,0,0,0,,,1,1252.63,,704074.48,704154.8,703971.22,703989.32,-264.11999999999534,,,773.4600000000005,1143.6700000000005,773.4600000000005,926.4900000000004
1788424200,16.326,16.326,16.216,16.224,16.535,16.593,16.212,16.025,,,,,0,0,0,0,0,0,0,0,0,0,,,1,4556.63,,703988.44,704231.18,703159.99,703367.54,-640.3800000000047,,,926.4900000000004,2644.8,567.2800000000004,2333.7000000000003
1788426000,16.224,16.297,16.176,16.265,16.535,16.593,16.025,15.877,,,,,0,0,0,0,0,0,0,0,0,0,,,1,4342.86,,703359.58,703359.58,700941.72,701020.66,-2836.8399999999674,,,2333.7000000000003,3214.2500000000005,1859.9,3117.62
1788427800,16.265,16.299,16.105,16.179,16.535,16.593,16.025,15.877,,,,,0,0,0,0,0,0,0,0,0,0,,,-1,7274.61,,700996.34,702125.64,700425.24,701610.86,-1340.0999999999767,,,3117.62,3720.71,-583.2999999999993,364.4300000000003
1788429600,16.179,16.271,16.133,16.197,16.535,16.593,16.025,15.877,,,,,0,0,0,0,0,0,0,0,0,0,,,-1,1737.65,,701598.34,701610.25,700696.94,700696.94,651.8299999999581,,,364.4300000000003,636.9700000000004,40.52000000000032,591.9600000000005
1788431400,16.197,16.338,16.152,16.293,16.535,16.593,16.025,15.877,,,,,0,0,0,0,0,0,0,0,0,0,,,-1,3459.74,,700699.04,701435.06,700559.04,701431.15,92.5899999999674,,,591.9600000000005,2023.0600000000006,468.9600000000005,971.4200000000008
1788433200,16.293,16.498,16.273,16.496,16.535,16.593,16.105,16.025,,,,,0,0,0,0,0,0,0,0,0,0,,,-1,4574.93,,701407.79,703173.5,701407.79,703148.98,2904.859999999986,,,971.4200000000008,3695.840000000001,971.4200000000008,3574.1500000000015
1788435000,16.496,16.723,16.471,16.628,16.988,17.46366666666667,16.105,16.025,,,,,0,0,0,0,0,0,0,0,0,0,,,-1,13522.61,,703144.93,711009.44,703134.3,709517.96,1801.2900000000373,,,3574.1500000000015,10692.650000000001,3574.1500000000015,9391.18
1788436800,16.628,16.654,16.548,16.559,16.988,17.46366666666667,16.105,16.025,,,,,0,0,0,0,0,0,0,0,0,0,,,1,3332.19,,709531.94,709531.94,708825.04,708837.1,1870.0999999999767,,,9391.18,9391.18,8396.15,8396.15
1788438600,16.559,16.758,16.559,16.697,16.988,17.46366666666667,16.105,16.025,,,,,0,0,0,0,0,0,0,0,0,0,,,1,3619.62,,708880.32,708919.33,708158.72,708217.58,2445.0800000000745,,,8396.15,9666.31,8396.15,9561.73
1788440400,16.697,16.701,16.581,16.589,16.988,17.46366666666667,16.105,16.025,,,,,0,0,0,0,0,0,0,0,0,0,,,1,2290.6,,708217.51,708417.24,707635.48,708321.98,-1714.3300000000745,,,9561.73,10068.93,9406.52,9597.07
1788442200,16.589,16.787,16.568,16.625,16.988,17.46366666666667,16.105,16.025,,,,,0,0,0,0,0,0,0,0,0,0,,,1,12772.03,,708313.53,715267.76,707620.86,714983.26,-2288.2900000000373,,,9597.07,15751.67,8835.42,14186.019999999999
1788444000,16.625,16.699,16.572,16.676,16.988,17.46366666666667,16.105,16.025,,,,,0,0,0,0,0,0,0,0,0,0,,,1,7768,,714986.58,718910.3,714100.86,715551.6,-748.0399999999208,,,14186.019999999999,17871.21,13892.269999999999,16961.8
1788445800,16.676,16.987,16.633,16.978,16.988,17.46366666666667,16.105,16.025,,,,,0,0,0,0,0,0,0,0,0,0,,,1,22024.57,,715558.04,722627.73,713258.81,721478.08,5575.979999999981,,,16961.8,28126.170000000002,16519.01,28126.170000000002
1788447600,16.978,16.996,16.59,16.772,16.988,17.46366666666667,16.105,16.025,,,,,0,0,0,0,0,0,0,0,0,0,,,1,19032.11,,721300.62,721392.72,712323.73,714205.68,-2714.140000000014,,,28126.170000000002,28126.170000000002,16406.090000000004,16914.480000000003
1788449400,16.772,17.031,16.757,16.996,17.46366666666667,17.806,16.105,16.025,,,,,0,0,0,0,0,0,0,0,0,0,,,1,12289.59,,714106.04,718350.76,710462.93,718112.5,1560.4300000000512,,,16914.480000000003,18772.950000000004,14833.110000000002,17051.79
1788451200,16.996,17.198,16.932,17.005,17.46366666666667,17.806,16.105,16.025,,,,,0,0,0,0,0,0,0,0,0,0,,,1,31009.37,,717844.58,739391.42,717693.96,734738.46,9477.54999999993,,,17051.79,35002.46000000001,14955.800000000001,30625.08
1788453000,17.005,17.053,16.972,17.001,17.46366666666667,17.806,16.105,16.025,,,,,0,0,0,0,0,0,0,0,0,0,,,1,8134.92,,734733.2,737109.44,734426,736520.82,2201.5100000000093,,,30625.08,33252.590000000004,30625.08,32807.88
1788454800,17.001,17.198,16.978,17.154,17.46366666666667,17.806,16.105,16.025,,,,,0,0,0,0,0,0,0,0,0,0,,,1,15465.57,,736521.85,753673.14,736405.33,747250.62,-1851.6899999999441,,,32807.88,43209.97,32659.87,40477.909999999996
1788456600,17.154,17.308,17.104,17.152,17.46366666666667,17.806,16.105,16.025,,,,,0,0,0,0,0,0,0,0,0,0,,,1,11727.2,,747245.34,752681.7,744669.92,751353,-3071.350000000093,,,40477.909999999996,47010.42999999999,39686.49999999999,44911.81
1788458400,17.152,17.315,17.126,17.143,17.46366666666667,17.806,16.105,16.025,,,,,0,0,0,0,0,0,0,0,0,0,,,1,7008.94,,751338.98,753883.54,751296,751325.14,-518.75,,,44911.81,47688.22,44911.81,46003.79
1788460200,17.143,17.233,17.097,17.217,17.46366666666667,17.806,16.105,16.025,,,,,0,0,0,0,0,0,0,0,0,0,,,1,9878.43,,751322.9,751341.89,741317.79,741343.34,588.2300000000978,,,46003.79,53012.740000000005,45482.590000000004,53012.740000000005
1788462000,17.217,17.3,17.01,17.016,17.46366666666667,17.806,16.105,16.025,,,,,0,0,0,0,0,0,0,0,0,0,,,1,10580.18,,741346.89,742117.78,733436.36,733477.56,2231.769999999902,,,53012.740000000005,58964.700000000004,52946.060000000005,55910.380000000005
1788463800,17.016,17.116,16.978,17.08,17.315,17.46366666666667,16.105,16.025,,,,,0,0,0,0,0,0,0,0,0,0,,,1,2895.25,,733490.52,733570.96,733033.52,733100.57,683.7300000000978,,,55910.380000000005,57166.310000000005,55820.18000000001,57151.69
1788465600,17.08,17.107,16.981,17.087,17.315,17.46366666666667,16.105,16.025,,,,,0,0,0,0,0,0,0,0,0,0,,,1,2402.7,,733117.26,734329.64,733117.26,734313.26,1639.7999999999302,,,57151.69,57151.69,56339.46,56447.15
1788467400,17.087,17.104,16.977,16.99,17.315,17.46366666666667,16.105,16.025,,,,,0,0,0,0,0,0,0,0,0,0,,,1,5740.91,,734311.8,736954.44,734311.8,736775.35,-4770.839999999967,,,56447.15,56447.15,53686.020000000004,54324.48
1788469200,16.99,17.154,16.987,17.143,17.315,17.46366666666667,16.105,16.025,,,,,0,0,0,0,0,0,0,0,0,0,,,1,2629.41,,736778.3,736782.6,735051.48,735114.54,255.5899999999674,,,54324.48,55176.44,53951.16,54072.41
1788471000,17.143,17.183,17.051,17.093,17.315,17.46366666666667,16.105,16.025,,,,,0,0,0,0,0,0,0,0,0,0,,,1,4493.49,,735133.02,735423.33,733273.74,733652.32,993.390000000014,,,54072.41,54299.64000000001,50977.65,51724.060000000005
1788472800,17.093,17.118,16.972,16.999,17.315,17.46366666666667,16.105,16.025,,,,,0,0,0,0,0,0,0,0,0,0,,,1,3505.85,,733672.34,734999.4,733345.9,733346.16,772.2199999999721,,,51724.060000000005,52633.50000000001,51542.69,52124.450000000004
1788474600,16.999,17.082,16.959,17.065,17.315,17.46366666666667,16.105,16.025,,,,,0,0,0,0,0,0,0,0,0,0,,,1,3131.54,,733340.32,734450.18,732980.88,734076.92,3721.5400000000373,,,52124.450000000004,53918.310000000005,52109.770000000004,53678.25000000001
1788476400,17.065,17.095,17.027,17.082,17.183,17.315,16.105,16.025,,,,,0,0,0,0,0,0,0,0,0,0,,,-1,1209.99,,734061.18,734078.2,733635.12,733806.5,233.2600000000093,,,53678.25000000001,53712.86000000001,53403.93000000001,53712.86000000001
1788478200,17.082,17.147,17.013,17.133,17.183,17.315,16.105,16.025,,,,,0,0,0,0,0,0,0,0,0,0,,,-1,921.45,,733805.46,734013.06,733713.84,733750.7,-2002.3100000000559,,,53712.86000000001,54068.310000000005,53661.26000000001,54046.630000000005
1788480000,17.133,17.288,17.133,17.234,17.315,17.46366666666667,16.959,16.105,,,,,0,0,0,0,0,0,0,0,0,0,,,-1,9083.49,,733738.92,739228.68,733738.92,739189.66,1248.2700000000186,,,0,6847.370000000001,0,6468.09
1788481800,17.234,17.314,17.083,17.098,17.315,17.46366666666667,16.959,16.105,,,,,0,0,0,0,0,0,0,0,0,0,,,-1,4481.61,,739124.16,739141.38,737931.28,738857.84,2988.280000000028,,,6468.09,7108.38,5840.610000000001,5895.14
1788483600,17.098,17.174,17.023,17.049,17.315,17.46366666666667,16.959,16.105,,,,,0,0,0,0,0,0,0,0,0,0,,,1,3858.73,,738852.18,740242.5,738852.18,740006.84,-920.640000000014,,,5895.14,6056.68,4393.110000000001,4473.07
1788485400,17.049,17.198,17.015,17.191,17.315,17.46366666666667,16.959,16.105,,,,,0,0,0,0,0,0,0,0,0,0,,,1,3478.57,,739995.14,740864.06,739995.14,740228.52,1332.8499999999767,,,4473.07,5947.88,4473.07,5727.62
1788487200,17.191,17.211,17.081,17.089,17.314500000000002,17.46366666666667,16.959,16.105,,,,,0,0,0,0,0,0,0,0,0,0,,,1,937.57,,740245.92,740754.28,740243.82,740710.16,-351.39999999990687,,,5727.62,5727.62,5233.62,5302.33
1788489000,17.089,17.108,17.031,17.056,17.314500000000002,17.46366666666667,16.959,16.105,,,,,0,0,0,0,0,0,0,0,0,0,,,1,765.93,,740707.78,740708.17,740544.98,740544.98,28.25,,,5302.33,5748.68,5295,5748.68
1788490800,17.056,17.243,17.046,17.074,17.314500000000002,17.46366666666667,17.015,16.959,,,,,0,0,0,0,0,0,0,0,0,0,,,1,10333.63,,740571.58,751560.48,740465.64,750126.26,-485.86999999999534,,,5748.68,11542.93,5741.150000000001,9055.89
1788492600,17.074,17.111,17.053,17.056,17.314500000000002,17.46366666666667,17.015,16.959,,,,,0,0,0,0,0,0,0,0,0,0,,,1,2411.94,,750118.38,750118.38,747298.67,747298.67,-224.22000000008848,,,9055.89,9269.97,8468.09,8468.09
1788494400,17.056,17.211,17.016,17.188,17.314500000000002,17.46366666666667,17.015,16.959,,,,,0,0,0,0,0,0,0,0,0,0,,,1,7372.66,,747233.56,747297.98,738899.58,738899.58,-13.169999999925494,,,8468.09,11846.48,7604.97,11748.470000000001
1788496200,17.188,17.196,17.07,17.07,17.243,17.314500000000002,17.015,16.959,,,,,0,0,0,0,0,0,0,0,0,0,,,1,2177.73,,738862.16,739594,738498.5,739388.56,-552.25,,,11748.470000000001,11792.050000000001,10958.050000000001,11764.800000000001
1788498000,17.07,17.135,17.042,17.044,17.243,17.314500000000002,17.015,16.959,,,,,0,0,0,0,0,0,0,0,0,0,,,1,3675.05,,739403.62,739618.34,738523.3,738912.84,2417.4899999999907,,,11764.800000000001,13453.060000000001,11681.36,13298.45
1788499800,17.044,17.051,16.973,17.001,17.243,17.314500000000002,16.959,16.105,,,,,0,0,0,0,0,0,0,0,0,0,,,1,5141.1,,738911.9,740342.84,738256.14,740341.61,345.45999999996275,,,13298.45,13298.45,11377.720000000001,11931.51
1788501600,17.001,17.098,16.988,17.001,17.243,17.314500000000002,16.959,16.105,,,,,0,0,0,0,0,0,0,0,0,0,,,1,2983.51,,740337.33,740849.06,740053.84,740848.4,2429.3800000000047,,,11931.51,12845.78,11713.16,12835.220000000001
1788503400,17.001,17.053,16.981,17.038,17.243,17.314500000000002,16.959,16.105,,,,,0,0,0,0,0,0,0,0,0,0,,,-1,2630.81,,740880.56,741653.69,740789.82,741586.36,1461.670000000042,,,12835.220000000001,13583.410000000002,12774.210000000001,13583.410000000002
1788505200,17.038,17.151,17.009,17.009,17.243,17.314500000000002,16.966,16.105,,,,,0,0,0,0,0,0,0,0,0,0,,,-1,3885.36,,741580.12,742596.91,741245.82,742481.42,2102.2299999999814,,,13583.410000000002,14146.060000000001,12110.670000000002,12110.670000000002
1788507000,17.009,17.149,17.001,17.099,17.243,17.314500000000002,16.966,16.105,,,,,0,0,0,0,0,0,0,0,0,0,,,-1,5626.28,,742509.44,743780.52,742256.06,743301.94,550.9299999999348,,,12110.670000000002,14789.400000000001,12110.670000000002,14293.710000000003
1788508800,17.099,17.376,17.086,17.33,17.46366666666667,17.806,16.966,16.105,,,,,0,0,0,0,0,0,0,0,0,0,,,-1,14652.91,,743303.85,754688.34,743293.86,754685.14,1066.030000000028,,,14293.710000000003,22681.24,13656.170000000002,22676.660000000003
1788510600,17.33,17.468,17.235,17.372,17.46366666666667,17.806,16.966,16.105,,,,,0,0,0,0,0,0,0,0,0,0,,,1,16442.74,,754705.62,764491.12,754705.62,761350.1,-1266.579999999958,,,22676.660000000003,26033.760000000002,20048.340000000004,22902.440000000002
1788512400,17.372,17.431,17.235,17.287,17.46366666666667,17.806,16.966,16.105,,,,,0,0,0,0,0,0,0,0,0,0,,,1,5070.73,,761342.66,761359.52,760372.78,760668.38,-1916.8000000000466,,,22902.440000000002,24182.49,22472.640000000003,24058.770000000004
1788514200,17.287,17.386,17.254,17.269,17.46366666666667,17.806,16.966,16.105,,,,,0,0,0,0,0,0,0,0,0,0,,,1,7863,,760683.72,760899.5,758911.36,759994.88,-986.6600000000326,,,24058.770000000004,24114.440000000002,19913.140000000003,20322.790000000005
1788516000,17.269,17.302,17.103,17.295,17.464750000000002,17.806,16.966,16.105,,,,,0,0,0,0,0,0,0,0,0,0,,,1,7974.18,,760026.02,760751.1,756558.7,758107.4,-1819.5899999999674,,,20322.790000000005,20378.340000000004,15436.490000000005,16995.430000000004
1788517800,17.295,17.333,17.224,17.238,17.464750000000002,17.806,16.966,16.105,,,,,0,0,0,0,0,0,0,0,0,0,,,1,1618.7,,758121.7,758344.48,757673.36,758236.66,175.81000000005588,,,16995.430000000004,17113.410000000003,16727.680000000004,16869.910000000003
1788519600,17.238,17.238,17.101,17.143,17.464750000000002,17.806,16.966,16.105,,,,,0,0,0,0,0,0,0,0,0,0,,,1,4062.22,,758243.65,758352.66,756926.12,757096.82,-1989.9899999999907,,,16869.910000000003,16870.280000000002,15411.120000000004,16221.030000000004
1788521400,17.143,17.154,17.086,17.087,17.464750000000002,17.806,16.966,16.105,,,,,0,0,0,0,0,0,0,0,0,0,,,1,2288.68,,757096.48,757096.48,755752.1,755775.16,-463.4100000000326,,,16221.030000000004,16221.030000000004,15454.210000000005,16004.370000000004
1788523200,17.087,17.233,17.018,17.229,17.464750000000002,17.806,16.966,16.105,,,,,0,0,0,0,0,0,0,0,0,0,,,1,7630.34,,755774.51,755774.51,750018.64,751658.06,1341.609999999986,,,16004.370000000004,18822.850000000006,14720.790000000005,18393.290000000005
1788525000,17.229,17.363,16.82,17.187,17.464750000000002,17.806,16.105,16.025,,,,,0,0,0,0,0,0,0,0,0,0,,,1,39050.87,,752663.29,759600.61,749247.07,758939.92,33324.619999999995,,,18393.290000000005,18393.290000000005,9942.940000000004,15727.140000000003
1788526800,17.187,17.395,17.114,17.286,17.464750000000002,17.806,16.105,16.025,,,,,0,0,0,0,0,0,0,0,0,0,,,1,30685.09,,758921.22,768285.04,758921.22,763079.16,4067.9400000000605,,,15727.140000000003,33803.68,15727.140000000003,29268.57
1788528600,17.286,17.642,17.079,17.566,17.806,,16.105,16.025,,,,,0,0,0,0,0,0,0,0,0,0,,,-1,31269.9,,763083.52,763842.61,759040.51,759934.5,5667.209999999963,,,29268.57,29651.13,15300.590000000002,16035.590000000004
1788530400,17.566,17.849,17.473,17.69,,,16.82,16.105,,,,,0,0,0,0,0,0,0,0,0,0,,,1,26981.34,,759984.95,766864.3,759984.95,765959.32,37084.69999999995,,,16035.590000000004,25538.030000000002,16035.590000000004,22517.83
1788532200,17.69,17.714,17.144,17.307,,,16.82,16.105,,,,,0,0,0,0,0,0,0,0,0,0,,,1,32273.44,,765955.69,766165.04,751152.67,752384.52,-983.1999999999534,,,22517.83,22517.83,-1716.5199999999968,1401.330000000009
1788534000,17.307,17.601,17.273,17.542,,,16.82,16.105,,,,,0,0,0,0,0,0,0,0,0,0,,,1,8760.28,,752363.94,752997.8,752006.27,752716.7,17.010000000009313,,,1401.330000000009,6538.4300000000085,1401.330000000009,6538.4300000000085
1788535800,17.542,17.557,17.416,17.446,17.849,,16.82,16.105,,,,,0,0,0,0,0,0,0,0,0,0,,,1,3895.01,,752685.76,753788.44,752574.16,753561.58,-485.0100000000093,,,6538.4300000000085,6874.880000000008,5609.600000000009,5750.600000000009
1788537600,17.446,17.743,17.434,17.686,17.849,,16.82,16.105,,,,,0,0,0,0,0,0,0,0,0,0,,,1,12450.94,,753558.98,761133.8,753402.77,760539.99,6665.5599999999395,,,5750.600000000009,15053.820000000007,5680.460000000008,15053.820000000007
1788539400,17.686,17.78,17.602,17.639,17.849,,16.82,16.105,,,,,0,0,0,0,0,0,0,0,0,0,,,1,10326.22,,760568.26,760687.16,758021.12,760460.04,1818.5800000000745,,,15053.820000000007,15226.490000000007,10583.330000000007,11069.740000000007
1788541200,17.639,17.762,17.537,17.542,17.849,,16.82,16.105,,,,,0,0,0,0,0,0,0,0,0,0,,,1,6161.39,,760454.46,762843.25,760354.97,762793.8,1993.7700000000186,,,11069.740000000007,11892.160000000007,8821.970000000007,9026.250000000007
1788543000,17.542,17.583,17.457,17.489,17.849,,16.82,16.105,,,,,0,0,0,0,0,0,0,0,0,0,,,1,4785.17,,762800.16,762866.1,760675.06,760743.66,-1429.740000000107,,,9026.250000000007,9939.870000000008,8596.850000000008,9002.860000000008
1788544800,17.489,17.596,17.487,17.553,17.78,17.849,16.82,16.105,,,,,0,0,0,0,0,0,0,0,0,0,,,1,2053.18,,760747.44,761381.38,760560.22,761381.38,-774.6599999999162,,,9002.860000000008,9966.230000000009,9002.860000000008,9694.240000000009
1788546600,17.553,17.567,17.316,17.392,17.78,17.849,16.82,16.105,,,,,0,0,0,0,0,0,0,0,0,0,,,1,7167.53,,761418.2,761828.7,758640.14,758640.14,-1109.7399999999907,,,9694.240000000009,9798.890000000009,4451.060000000009,4668.910000000009
1788548400,17.392,17.724,17.392,17.645,17.78,17.849,16.82,16.105,,,,,0,0,0,0,0,0,0,0,0,0,,,1,7882.13,,758632.98,761010.68,758341.68,760922.3,255.5,,,4668.910000000009,9915.210000000008,4668.910000000009,9874.900000000009
1788550200,17.645,18.533,17.61,18.262,,,16.82,16.105,,,,,0,0,0,0,0,0,0,0,0,0,,,1,44970.17,,760872.54,784432.57,759597.93,784432.57,13048.159999999916,,,9874.900000000009,46680.11000000001,9761.530000000008,39017.610000000015
1788552000,18.262,18.424,17.807,18.046,,,17.316,16.82,,,,,0,0,0,0,0,0,0,0,0,0,,,1,42188.66,,784016.31,789563.7,780018.89,788695.3,-111.4199999999255,,,39017.610000000015,45241.470000000016,25499.110000000015,34056.31000000002
1788553800,18.046,18.246,17.986,17.991,,,17.316,16.82,,,,,0,0,0,0,0,0,0,0,0,0,,,1,12246.18,,788687.54,789288.42,785695.56,785911.12,-3961,,,34056.31000000002,36428.96000000002,28820.99000000002,28820.99000000002
1788555600,17.991,18.031,17.878,17.971,18.533,,17.316,16.82,,,,,0,0,0,0,0,0,0,0,0,0,,,1,7626,,785902.68,785902.68,784975.64,785266.36,-4172.090000000084,,,28820.99000000002,28820.99000000002,26764.34000000002,28631.01000000002
1788557400,17.971,17.991,17.741,17.765,18.533,,17.316,16.82,,,,,0,0,0,0,0,0,0,0,0,0,,,1,10739.48,,785244.68,787135.32,782463.87,782463.87,-1207.0699999999488,,,28631.01000000002,29029.27000000002,21054.45000000002,21054.45000000002
1788559200,17.765,17.903,17.765,17.85,18.533,,17.316,16.82,,,,,0,0,0,0,0,0,0,0,0,0,,,1,8331.71,,782456.77,783810.91,781675.8,782378.1,-199.75,,,21054.45000000002,24738.18000000002,21054.45000000002,24048.100000000017
1788561000,17.85,17.856,17.763,17.85,18.533,,17.316,16.82,,,,,0,0,0,0,0,0,0,0,0,0,,,1,1803.79,,782401.12,782401.12,781490.43,781494.98,-436.5,,,24048.100000000017,24048.100000000017,23227.550000000017,23676.870000000017
1788562800,17.85,18.105,17.831,18.093,18.533,,17.741,17.316,,,,,0,0,0,0,0,0,0,0,0,0,,,1,5306.13,,781442.25,784039.68,781383.26,784039.68,322.46999999997206,,,23676.870000000017,26660.990000000016,23517.920000000016,26493.280000000017
1788564600,18.093,18.233,18.073,18.134,18.533,,17.741,17.316,,,,,0,0,0,0,0,0,0,0,0,0,,,1,3939.61,,784184.66,785242.76,784148.25,785091.96,-34.86999999999534,,,26493.280000000017,27792.660000000018,26224.040000000015,27135.150000000016
1788566400,18.134,18.221,18.012,18.056,18.533,,17.741,17.316,,,,,0,0,0,0,0,0,0,0,0,0,,,1,4798.47,,785090.32,786660.1,785085.4,785749.62,1178.359999999986,,,0,686.9200000000001,-631.94,-0.5700000000006185
1788568200,18.056,18.159,17.986,18.051,18.533,,17.741,17.316,,,,,0,0,0,0,0,0,0,0,0,0,,,1,2269.91,,785763.08,785763.08,785192.82,785297.64,1458.0500000000466,,,-0.5700000000006185,-0.5700000000006185,-662.4300000000006,-217.02000000000066
1788570000,18.051,18.085,17.952,18.028,18.233,18.533,17.741,17.316,,,,,0,0,0,0,0,0,0,0,0,0,,,1,4192.06,,785303.9,785323.41,783756.38,783767.06,-323.29000000003725,,,-217.02000000000066,411.6299999999994,-511.16000000000076,56.059999999999036
1788571800,18.028,18.125,17.98,17.985,18.233,18.533,17.741,17.316,,,,,0,0,0,0,0,0,0,0,0,0,,,1,2449.73,,783766,784354.28,783286.24,784258.96,532.859999999986,,,56.059999999999036,206.9799999999991,-336.0300000000009,-201.71000000000117
1788573600,17.985,18.173,17.966,18.011,18.233,18.533,17.741,17.316,,,,,0,0,0,0,0,0,0,0,0,0,,,1,4856.4,,784260.18,785625.74,784105.28,785136.32,1523.920000000042,,,-201.71000000000117,306.13999999999896,-2371.5600000000004,-1845.0900000000008
1788575400,18.011,18.212,18.006,18.173,18.233,18.533,17.952,17.741,,,,,0,0,0,0,0,0,0,0,0,0,,,1,4228.63,,785130.98,785383.54,784344.76,785178.62,2010.9000000000233,,,-1845.0900000000008,-1031.0900000000008,-1982.000000000001,-1445.2400000000014
1788577200,18.173,18.173,17.831,17.947,18.233,18.533,17.741,17.316,,,,,0,0,0,0,0,0,0,0,0,0,,,1,5315.38,,785170.14,785279.48,784008.45,784639.54,261.85999999998603,,,-1445.2400000000014,-1445.2400000000014,-3062.000000000001,-1487.3200000000004
1788579000,17.947,18.02,17.785,17.926,18.233,18.533,17.741,17.316,,,,,0,0,0,0,0,0,0,0,0,0,,,1,15957.03,,784639.24,784764.78,774307.24,774307.24,1350.170000000042,,,-1487.3200000000004,-1154.3300000000002,-10330.23,-6106.510000000001
1788580800,17.926,17.953,17.87,17.892,18.2225,18.533,17.741,17.316,,,,,0,0,0,0,0,0,0,0,0,0,,,1,4488.64,,774319.08,774351.41,773201.04,773382.42,1378.0100000000093,,,-6106.510000000001,-6003.540000000001,-7651.560000000001,-7401.550000000001
1788582600,17.892,17.909,17.82,17.844,18.2225,18.533,17.741,17.316,,,,,0,0,0,0,0,0,0,0,0,0,,,1,2449.68,,773425.9,774288.96,773369.82,774285.73,-130.0100000000093,,,-7401.550000000001,-7401.550000000001,-8617.810000000001,-8617.810000000001
1788584400,17.844,17.892,17.765,17.861,18.2225,18.533,17.741,17.316,,,,,0,0,0,0,0,0,0,0,0,0,,,1,2557.06,,774303.42,774611.86,774067.92,774350.48,-277.5100000000093,,,-8617.810000000001,-8617.810000000001,-9159.130000000001,-8860.730000000001
1788586200,17.861,17.893,17.775,17.803,18.2225,18.533,17.741,17.316,,,,,0,0,0,0,0,0,0,0,0,0,,,1,2662.51,,774353.85,775345.96,774241.14,775186.52,-677.5,,,-8860.730000000001,-8182.780000000002,-8860.730000000001,-8316.660000000002
1788588000,17.803,17.851,17.791,17.843,18.2225,18.533,17.741,17.316,,,,,0,0,0,0,0,0,0,0,0,0,,,-1,2760.41,,775177.75,775186.52,773912.02,773935.84,-267.11999999999534,,,-8316.660000000002,-7947.780000000002,-8749.480000000001,-8452.210000000003
1788589800,17.843,17.848,17.727,17.754,18.2225,18.533,17.741,17.316,,,,,0,0,0,0,0,0,0,0,0,0,,,-1,3142.85,,773949.6,773993.18,773346.34,773346.34,-717.6500000000233,,,-8452.210000000003,-8385.960000000003,-9917.280000000002,-9669.300000000003
1788591600,17.754,17.793,17.697,17.788,18.2225,18.533,17.316,16.82,,,,,0,0,0,0,0,0,0,0,0,0,,,-1,5140.23,,773354.38,774211.34,773061.53,774131.74,-2167.280000000028,,,-9669.300000000003,-9669.300000000003,-11856.360000000002,-10788.730000000003
1788593400,17.788,17.792,17.634,17.679,18.2225,18.533,17.316,16.82,,,,,0,0,0,0,0,0,0,0,0,0,,,-1,8622.46,,774151.4,774256.22,771814.24,771820.98,-3025.3499999999767,,,-10788.730000000003,-9942.760000000004,-15634.060000000003,-15516.290000000005
1788595200,17.679,17.732,17.648,17.685,18.2225,18.533,17.316,16.82,,,,,0,0,0,0,0,0,0,0,0,0,,,-1,3350.94,,771818.18,772402.38,771167.08,772238.52,-1028.5600000000559,,,-15516.290000000005,-14048.820000000005,-15557.130000000005,-14318.770000000004
1788597000,17.685,17.893,17.666,17.862,18.2225,18.533,17.316,16.82,,,,,0,0,0,0,0,0,0,0,0,0,,,-1,4093.79,,772223.46,774219.24,771838.95,774219.24,-584.3800000000047,,,-14318.770000000004,-12041.890000000003,-14326.130000000005,-12457.940000000004
1788598800,17.862,18.036,17.852,17.987,18.2225,18.533,17.634,17.316,,,,,0,0,0,0,0,0,0,0,0,0,,,-1,8250.12,,774220.02,780155.12,774087.58,780155.12,960.2399999999907,,,-12457.940000000004,-6210.110000000003,-12457.940000000004,-6967.1600000000035
1788600600,17.987,18.08,17.888,18.018,18.2225,18.533,17.634,17.316,,,,,0,0,0,0,0,0,0,0,0,0,,,1,4588.51,,780159.04,781057.63,779653.47,779733.26,-341.9099999999162,,,-6967.1600000000035,-6644.790000000004,-9016.890000000003,-8184.010000000003
1788602400,18.018,18.049,17.937,17.962,18.2225,18.533,17.634,17.316,,,,,0,0,0,0,0,0,0,0,0,0,,,1,2541.05,,779731.39,780707.44,779677.72,780668.56,-1682.1900000000605,,,-8184.010000000003,-8110.350000000003,-9522.760000000002,-9520.880000000003
1788604200,17.962,18.043,17.871,17.871,18.2225,18.533,17.634,17.316,,,,,0,0,0,0,0,0,0,0,0,0,,,1,3504.16,,780670.62,781901,780656.55,781094.82,639.9400000000605,,,-9520.880000000003,-9361.950000000003,-10873.840000000004,-10873.840000000004
1788606000,17.871,17.904,17.8,17.813,18.08,18.2225,17.634,17.316,,,,,0,0,0,0,0,0,0,0,0,0,,,1,3107.8,,781093.35,781093.35,780571.9,781010.38,-1589.4799999999814,,,-10873.840000000004,-10873.840000000004,-12119.980000000003,-11721.060000000005
1788607800,17.813,17.84,17.696,17.787,18.08,18.2225,17.634,17.316,,,,,0,0,0,0,0,0,0,0,0,0,,,1,6511.17,,781010.93,781646.69,779330.06,779330.06,263.0899999999674,,,-11721.060000000005,-11149.300000000005,-13465.510000000006,-11598.210000000005
1788609600,17.787,17.844,17.624,17.76,18.08,18.2225,17.634,17.316,,,,,0,0,0,0,0,0,0,0,0,0,,,1,9255.15,,779314.06,780749.66,779170.66,780749.04,2656.4899999999907,,,-11598.210000000005,-9962.610000000004,-13812.250000000004,-9992.700000000004
1788611400,17.76,17.765,17.643,17.651,18.08,18.2225,17.634,17.316,,,,,0,0,0,0,0,0,0,0,0,0,,,1,4201.99,,780748.42,781745.74,780322.04,780483.04,-1248.4799999999814,,,-9992.700000000004,-9992.700000000004,-12134.370000000004,-12134.370000000004
1788613200,17.651,17.675,17.584,17.616,18.08,18.2225,17.316,16.82,,,,,0,0,0,0,0,0,0,0,0,0,,,-1,3244.95,,780524.06,781114.89,779839.49,780269.48,-1726.4400000000605,,,-12134.370000000004,-11689.860000000004,-12894.740000000005,-12303.880000000005
1788615000,17.616,17.619,17.461,17.502,18.08,18.2225,17.316,16.82,,,,,0,0,0,0,0,0,0,0,0,0,,,-1,8660.76,,780270.06,780270.06,776486.5,776654.62,-8195.76000000001,,,-12303.880000000005,-12303.880000000005,-17574.930000000004,-16573.920000000006
1788616800,17.502,17.506,17.427,17.453,18.08,18.2225,17.316,16.82,,,,,0,0,0,0,0,0,0,0,0,0,,,-1,3734.09,,776654.58,777084.24,776231.08,776605.82,-1629.1899999999441,,,-16573.920000000006,-15331.090000000006,-16840.140000000007,-15368.490000000005
1788618600,17.453,17.495,17.416,17.432,18.08,18.2225,17.316,16.82,,,,,0,0,0,0,0,0,0,0,0,0,,,-1,3683.88,,776596.06,777339.8,775613,775994.12,-1776.1199999999953,,,-15368.490000000005,-15106.920000000006,-16150.110000000004,-16023.190000000006
1788620400,17.432,17.499,17.364,17.373,18.08,18.2225,17.316,16.82,,,,,0,0,0,0,0,0,0,0,0,0,,,-1,5415.32,,775983.4,777300.93,775425.98,775425.98,-1858.0999999999767,,,-16023.190000000006,-15964.170000000006,-19269.290000000005,-18847.210000000006
1788622200,17.373,17.392,17.101,17.248,18.08,18.2225,16.82,16.105,,,,,0,0,0,0,0,0,0,0,0,0,,,-1,25635.29,,775428.42,775810.04,772316.64,773882.52,-6585.540000000037,,,-18847.210000000006,-18847.210000000006,-34622.34000000001,-31560.620000000014
1788624000,17.248,17.254,17.15,17.237,18.08,18.2225,16.82,16.105,,,,,0,0,0,0,0,0,0,0,0,0,,,-1,8071.86,,773894.7,775910.56,772301.98,775910.56,-5457.369999999995,,,-31560.620000000014,-27261.320000000014,-32113.350000000013,-27261.320000000014
1788625800,17.237,17.313,17.19,17.279,18.08,18.2225,16.82,16.105,,,,,0,0,0,0,0,0,0,0,0,0,,,-1,8143.6,,776011.06,780436.7,775801.23,778822.94,-1014.9100000000326,,,-27261.320000000014,-22453.850000000013,-27261.320000000014,-22670.540000000015
1788627600,17.279,17.362,17.251,17.29,18.08,18.2225,17.101,16.82,,,,,0,0,0,0,0,0,0,0,0,0,,,-1,6549.91,,778805.74,780049.84,778711.09,779061.1,-1911.5599999999395,,,-22670.540000000015,-20671.180000000015,-22834.070000000014,-21785.530000000013
1788629400,17.29,17.375,17.267,17.294,18.08,18.2225,17.101,16.82,,,,,0,0,0,0,0,0,0,0,0,0,,,-1,5086.52,,779055.16,779965.74,777930.11,778370.84,63.10999999998603,,,-21785.530000000013,-21246.030000000013,-23576.080000000013,-22096.490000000013
1788631200,17.294,17.303,17.2,17.249,18.08,18.2225,17.101,16.82,,,,,0,0,0,0,0,0,0,0,0,0,,,-1,4691.87,,778296.92,778296.92,776033.96,776038.86,-187.34999999997672,,,-22096.490000000013,-22096.490000000013,-23919.43000000001,-23563.240000000013
1788633000,17.249,17.312,17.249,17.298,18.08,18.2225,17.101,16.82,,,,,0,0,0,0,0,0,0,0,0,0,,,-1,1906.63,,776038.52,776374.44,775615.18,776029.7,462.8499999999767,,,-23563.240000000013,-23009.940000000013,-23729.91000000001,-23337.59000000001
1788634800,17.298,17.314,17.233,17.288,17.375,18.08,17.101,16.82,,,,,0,0,0,0,0,0,0,0,0,0,,,-1,1436.32,,776019.16,776061.04,775456.7,775745.38,57.79000000003725,,,-23337.59000000001,-23337.59000000001,-24171.53000000001,-24171.53000000001
1788636600,17.288,17.29,17.111,17.167,17.375,18.08,17.101,16.82,,,,,0,0,0,0,0,0,0,0,0,0,,,-1,6712.51,,775718.72,775752.62,773961.1,774371.78,149.64999999990687,,,-24171.53000000001,-24171.53000000001,-27295.63000000001,-26690.08000000001
1788638400,17.167,17.255,17.133,17.199,17.375,18.08,17.101,16.82,,,,,0,0,0,0,0,0,0,0,0,0,,,-1,2343.72,,774368.05,774411.51,773927.52,774207.28,2844.2600000000093,,,-26690.08000000001,-25869.30000000001,-26877.74000000001,-25869.30000000001
1788640200,17.199,17.235,17.173,17.232,17.375,18.08,17.101,16.82,,,,,0,0,0,0,0,0,0,0,0,0,,,-1,918.99,,774203.36,774233.82,774051.46,774127.88,3700.3300000000745,,,-25869.30000000001,-25721.22000000001,-25909.46000000001,-25832.53000000001
1788642000,17.232,17.325,17.225,17.278,17.375,18.08,17.106,16.82,,,,,0,0,0,0,0,0,0,0,0,0,,,-1,4314.26,,774118.34,775245.96,774020.26,774338.3,644.4699999999721,,,-25832.53000000001,-23887.53000000001,-25832.53000000001,-24722.65000000001
1788643800,17.278,17.302,17.234,17.245,17.375,18.08,17.106,16.82,,,,,0,0,0,0,0,0,0,0,0,0,,,-1,945.66,,774333.6,774389.46,774195.04,774195.54,1340.4199999999255,,,-24722.65000000001,-24434.56000000001,-24753.610000000008,-24741.17000000001
1788645600,17.245,17.262,17.203,17.23,17.375,18.08,17.106,16.82,,,,,0,0,0,0,0,0,0,0,0,0,,,-1,2049.46,,774194.54,775824.4,774120.1,775812.04,1579.9000000000233,,,-24741.17000000001,-24269.64000000001,-25071.840000000007,-24506.73000000001
1788647400,17.23,17.313,17.23,17.261,17.325,17.375,17.106,16.82,,,,,0,0,0,0,0,0,0,0,0,0,,,-1,1970.35,,775755.62,777560.78,775678.46,777231.42,798.1800000000512,,,-24506.73000000001,-23669.75000000001,-24571.28000000001,-24018.04000000001
1788649200,17.261,17.286,17.238,17.254,17.325,17.375,17.106,16.82,,,,,0,0,0,0,0,0,0,0,0,0,,,-1,2030.11,,777219.42,777241.78,775709.7,775878.4,267.0100000000093,,,-24018.04000000001,-23482.48000000001,-24108.37000000001,-24070.09000000001
1788651000,17.254,17.395,17.254,17.282,18.08,18.2225,17.106,16.82,,,,,0,0,0,0,0,0,0,0,0,0,,,-1,14669.35,,775873.04,791715.6,774392.31,791192.08,-33.01000000000931,,,-24070.09000000001,-16674.060000000012,-26300.23000000001,-16959.38000000001
1788652800,17.282,17.298,17.203,17.257,18.08,18.2225,17.106,16.82,,,,,0,0,0,0,0,0,0,0,0,0,,,1,5283.96,,791185.24,791443,789636.08,790179.42,400.35999999998603,,,0,581.5200000000002,-1669.54,-1234.1199999999994
1788654600,17.257,17.279,17.207,17.232,18.08,18.2225,17.106,16.82,,,,,0,0,0,0,0,0,0,0,0,0,,,1,3036.36,,790184.18,790821.57,790155.56,790788.31,521.8399999999674,,,-1234.1199999999994,-1224.6199999999994,-2113.1599999999994,-2101.4399999999996
1788656400,17.232,17.401,17.226,17.248,18.08,18.2225,17.106,16.82,,,,,0,0,0,0,0,0,0,0,0,0,,,1,3520.22,,790787.82,791232.56,790373.61,790600.9,869.7399999999907,,,-2101.4399999999996,-1378.0699999999997,-2601.8399999999992,-2601.8399999999992
1788658200,17.248,17.346,17.248,17.281,18.08,18.2225,17.203,17.106,,,,,0,0,0,0,0,0,0,0,0,0,,,1,4155.52,,790640.46,791951.32,790344.84,791739.82,-846.2099999999627,,,-2601.8399999999992,-1817.4199999999992,-2811.0499999999993,-2059.4799999999996
1788660000,17.281,17.344,17.27,17.292,18.08,18.2225,17.203,17.106,,,,,0,0,0,0,0,0,0,0,0,0,,,1,2136.58,,791687.21,791687.21,791062.86,791165.64,-1563.2900000000373,,,-2059.4799999999996,-1665.729999999999,-2203.5399999999995,-1677.2199999999991
1788661800,17.292,17.309,17.244,17.253,17.401,18.08,17.203,17.106,,,,,0,0,0,0,0,0,0,0,0,0,,,1,1465.88,,791182.12,791437.7,791064.46,791075.62,-1398.7899999999208,,,-1677.2199999999991,-1631.089999999999,-2126.979999999999,-1971.019999999999
1788663600,17.253,17.292,17.231,17.267,17.401,18.08,17.203,17.106,,,,,0,0,0,0,0,0,0,0,0,0,,,1,1087.45,,791098.22,791110.22,790863.76,790933.4,-240.22000000008848,,,-1971.019999999999,-1859.9199999999992,-2126.699999999999,-1969.609999999999
1788665400,17.267,17.309,17.238,17.273,17.401,18.08,17.203,17.106,,,,,0,0,0,0,0,0,0,0,0,0,,,1,7024.43,,790925.82,790925.82,784904.75,785392.32,-661.0100000000093,,,-1969.609999999999,-1631.7599999999989,-6241.7199999999975,-5175.839999999999
1788667200,17.273,17.382,17.222,17.247,17.401,18.08,17.203,17.106,,,,,0,0,0,0,0,0,0,0,0,0,,,1,2301.76,,785366.31,785366.31,784451.72,784451.72,-2726.179999999935,,,-5175.839999999999,-4946.7699999999995,-5508.839999999999,-5447.5599999999995
1788669000,17.247,17.303,17.156,17.186,17.401,18.08,17.106,16.82,,,,,0,0,0,0,0,0,0,0,0,0,,,1,2840.06,,784451.6,784451.6,782755.22,782755.22,-5553.6900000000605,,,-5447.5599999999995,-5447.5599999999995,-7613.679999999999,-7541.359999999999
1788670800,17.186,17.243,17.118,17.194,17.401,18.08,17.106,16.82,,,,,0,0,0,0,0,0,0,0,0,0,,,1,5439.44,,782754.65,785411.45,782175.12,785267.28,-3109.899999999907,,,-7541.359999999999,-4806.1799999999985,-8557.31,-4904.219999999999
1788672600,17.194,17.29,17.186,17.198,17.3915,18.08,17.106,16.82,,,,,0,0,0,0,0,0,0,0,0,0,,,-1,4750.23,,785269.92,787025.31,785128.65,786962.24,911.0499999999302,,,-4904.219999999999,-2276.739999999999,-4938.589999999999,-2279.9299999999985
1788674400,17.198,17.234,17.16,17.161,17.3915,18.08,17.106,16.82,,,,,0,0,0,0,0,0,0,0,0,0,,,-1,1564.17,,786934.06,787057.86,786484.08,786991.74,-990.9199999999255,,,-2279.9299999999985,-1533.3999999999983,-2348.7899999999986,-1812.6199999999985
1788676200,17.161,17.176,17.066,17.071,17.3915,18.08,16.82,16.105,,,,,0,0,0,0,0,0,0,0,0,0,,,-1,9868.46,,787057.76,787224.68,781714.22,782022.06,-379.88000000000466,,,-1812.6199999999985,-1700.3099999999986,-9481.39,-9400.6
1788678000,17.071,17.116,16.98,17.008,17.3915,18.08,16.82,16.105,,,,,0,0,0,0,0,0,0,0,0,0,,,-1,8799.6,,782082.64,786251.12,781984.52,784992.98,-5380.650000000023,,,-9400.6,-5061.780000000001,-9400.6,-7530.9800000000005
1788679800,17.008,17.09,16.95,17.069,17.3915,18.08,16.82,16.105,,,,,0,0,0,0,0,0,0,0,0,0,,,-1,5238.93,,785149.22,785149.22,783275.24,783913.06,847.0799999999581,,,-7530.9800000000005,-7414.93,-10954.55,-9999.95
1788681600,17.069,17.093,17.024,17.025,17.3915,18.08,16.82,16.105,,,,,0,0,0,0,0,0,0,0,0,0,,,-1,4639.25,,783911.78,784927.53,783093.04,784564.75,521.9799999999814,,,-9999.95,-8996.39,-10552.26,-9344.04
1788683400,17.025,17.047,17.004,17.019,17.3915,18.08,16.82,16.105,,,,,0,0,0,0,0,0,0,0,0,0,,,-1,3747.03,,784564.6,784750.98,782235.29,782404.9,-18.5,,,-9344.04,-8749.29,-9698.070000000002,-9590.03
1788685200,17.019,17.158,17.009,17.136,17.3915,18.08,16.95,16.82,,,,,0,0,0,0,0,0,0,0,0,0,,,-1,2468.06,,782403.46,782818.13,782301.54,782500.98,822.4200000000419,,,-9590.03,-8360.420000000002,-9630.880000000001,-8549.650000000001
1788687000,17.136,17.145,16.964,17.017,17.3915,18.08,16.95,16.82,,,,,0,0,0,0,0,0,0,0,0,0,,,-1,8648.01,,782500.56,782696.34,779350.38,779788.52,-966.3800000000047,,,-8549.650000000001,-8242.890000000001,-14110.000000000002,-12924.720000000001
1788688800,17.017,17.088,16.996,17.065,17.3915,18.08,16.95,16.82,,,,,0,0,0,0,0,0,0,0,0,0,,,-1,2480.63,,779782.08,779782.08,779003,779208.66,-380.5799999999581,,,-12924.720000000001,-11687.410000000002,-12924.720000000001,-11687.410000000002
1788690600,17.065,17.131,17.039,17.085,17.158,17.3915,16.95,16.82,,,,,0,0,0,0,0,0,0,0,0,0,,,-1,3355.23,,779204.96,780283.46,779013.23,780266.68,581.8699999999953,,,-11687.410000000002,-10472.270000000002,-11966.170000000002,-10573.540000000003
1788692400,17.085,17.114,17.056,17.069,17.158,17.3915,16.957,16.82,,,,,0,0,0,0,0,0,0,0,0,0,,,-1,2722.43,,780264.92,780329.52,779662.92,779796.54,666.5299999999115,,,-10573.540000000003,-10460.140000000003,-11293.750000000002,-11192.510000000002
1788694200,17.069,17.088,17.03,17.037,17.158,17.3915,16.957,16.82,,,,,0,0,0,0,0,0,0,0,0,0,,,-1,2116.92,,779796.44,780454.76,779790.24,780454.76,-142.04999999993015,,,-11192.510000000002,-10475.350000000002,-11201.190000000002,-10475.350000000002
1788696000,17.037,17.101,16.991,17.041,17.158,17.3915,16.957,16.82,,,,,0,0,0,0,0,0,0,0,0,0,,,-1,3488.2,,780873.16,782101.52,780833.24,782036.62,-357.05000000004657,,,-10475.350000000002,-9991.100000000002,-11546.050000000003,-11482.830000000002
1788697800,17.041,17.06,16.956,16.996,17.158,17.3915,16.957,16.82,,,,,0,0,0,0,0,0,0,0,0,0,,,-1,5553.35,,782045.34,782058.72,779427.61,779437.16,-624.9599999999627,,,-11482.830000000002,-11414.230000000001,-14113.840000000002,-14078.000000000002
1788699600,16.996,17.069,16.973,17.001,17.158,17.3915,16.957,16.82,,,,,0,0,0,0,0,0,0,0,0,0,,,-1,4408.62,,779420,780306.38,779314,779314,180.60999999998603,,,-14078.000000000002,-12928.940000000002,-14281.220000000001,-13568.000000000002
1788701400,17.001,17.05,16.962,17.024,17.158,17.3915,16.957,16.82,,,,,0,0,0,0,0,0,0,0,0,0,,,-1,2447.7,,779398.78,779827,779309.24,779746.78,2185,,,-13568.000000000002,-12767.090000000002,-13814.330000000002,-12993.740000000002
1788703200,17.024,17.093,16.977,17.005,17.158,17.3915,16.956666666666667,16.82,,,,,0,0,0,0,0,0,0,0,0,0,,,-1,11632.94,,779740.6,784263.84,779642.34,784208.36,1705.3200000000652,,,-12993.740000000002,-7511.300000000001,-13813.300000000001,-9365.720000000001
1788705000,17.005,17.156,16.951,17.056,17.158,17.3915,16.956666666666667,16.82,,,,,0,0,0,0,0,0,0,0,0,0,,,-1,5900.28,,784186.38,787924,784186.38,787825.66,4298.599999999977,,,-9365.720000000001,-5226.230000000001,-9486.77,-5917.320000000001
1788706800,17.056,17.064,16.956,16.985,17.158,17.3915,16.956666666666667,16.82,,,,,0,0,0,0,0,0,0,0,0,0,,,1,5147.75,,787824.1,788189.93,786917.86,787307.76,893.2999999999302,,,-5917.320000000001,-5917.320000000001,-8845.73,-8302.71
1788708600,16.985,17.039,16.973,16.995,17.158,17.3915,16.956666666666667,16.82,,,,,0,0,0,0,0,0,0,0,0,0,,,1,3257.15,,787300.18,787305.74,785162.13,785206.48,-127.18999999994412,,,-8302.71,-8082.179999999999,-10499.82,-10325.999999999998
1788710400,16.995,17.154,16.976,17.09,17.157,17.3915,16.95525,16.82,,,,,0,0,0,0,0,0,0,0,0,0,,,-1,11428.27,,785205.84,790881.08,785198.46,790865.26,471.54999999993015,,,-10325.999999999998,-6081.239999999999,-11353.169999999998,-6278.329999999999
1788712200,17.09,17.09,16.982,17.018,17.157,17.3915,16.95525,16.82,,,,,0,0,0,0,0,0,0,0,0,0,,,1,1976.82,,790877.93,790877.93,790057.73,790174.74,-299.5999999999767,,,-6278.329999999999,-5690.799999999999,-6459.319999999999,-5857.909999999999
1788714000,17.018,17.204,17.003,17.087,17.3915,18.08,16.95525,16.82,,,,,0,0,0,0,0,0,0,0,0,0,,,1,3772.16,,790177.98,790914.77,789904.71,790869.26,350.3200000000652,,,-5857.909999999999,-3648.879999999999,-5870.549999999999,-4372.989999999999
1788715800,17.087,17.245,17.079,17.173,17.3915,18.08,16.95525,16.82,,,,,0,0,0,0,0,0,0,0,0,0,,,1,3198.11,,790863.18,791781.26,790851.83,791570.54,1816.0699999999488,,,-4372.989999999999,-3108.9199999999987,-4527.1799999999985,-3758.2599999999993
1788717600,17.173,17.189,17.001,17.039,17.3915,18.08,16.95525,16.82,,,,,0,0,0,0,0,0,0,0,0,0,,,1,4009.47,,791570.82,791653.8,788671.62,788671.62,1178.5500000000466,,,-3758.2599999999993,-3718.8899999999994,-5303.279999999999,-5154.769999999999
1788719400,17.039,17.132,17.035,17.063,17.3915,18.08,16.95525,16.82,,,,,0,0,0,0,0,0,0,0,0,0,,,1,1032.57,,788699.52,788699.52,788412.52,788416.8,798.3299999999581,,,-5154.769999999999,-5026.1399999999985,-5183.359999999999,-5108.579999999998
1788721200,17.063,17.144,17.011,17.016,17.245,17.3915,16.95525,16.82,,,,,0,0,0,0,0,0,0,0,0,0,,,1,4411.66,,788413.88,789524.8,788304.64,789415.32,-2397.8399999999674,,,-5108.579999999998,-2705.619999999998,-5108.579999999998,-3646.9999999999986
1788723000,17.016,17.039,16.978,16.986,17.245,17.3915,16.95525,16.82,,,,,0,0,0,0,0,0,0,0,0,0,,,1,1347.94,,789414.88,789414.88,788785.34,788891.34,775.8099999999395,,,-3646.9999999999986,-3620.8699999999985,-4638.319999999999,-4638.319999999999
1788724800,16.986,17.013,16.976,16.985,17.245,17.3915,16.95525,16.82,,,,,0,0,0,0,0,0,0,0,0,0,,,1,2311.96,,788891.7,789805.94,788874.34,788996.54,38.98999999999069,,,-4638.319999999999,-3478.869999999999,-4684.489999999999,-3690.199999999999
1788726600,16.985,17.016,16.985,16.994,17.245,17.3915,16.95525,16.82,,,,,0,0,0,0,0,0,0,0,0,0,,,1,1392.83,,788843.88,788843.88,788184.52,788220.1,723.390000000014,,,-3690.199999999999,-3305.079999999999,-3690.199999999999,-3605.709999999999
1788728400,16.994,17.037,16.917,17.001,17.245,17.3915,16.82,16.105,,,,,0,0,0,0,0,0,0,0,0,0,,,1,10338.71,,788221.12,788307.68,783470.32,783470.32,969.859999999986,,,-3605.709999999999,1990.9099999999999,-4057.359999999999,1963.4799999999996
1788730200,17.001,17.024,16.96,17.016,17.245,17.3915,16.82,16.105,,,,,0,0,0,0,0,0,0,0,0,0,,,1,4389.56,,783377.9,784257.76,782024.88,783889.5,1744.5200000000186,,,1963.4799999999996,1963.4799999999996,134.69999999999982,782.8399999999995
1788732000,17.016,17.056,16.958,17.01,17.245,17.3915,16.82,16.105,,,,,0,0,0,0,0,0,0,0,0,0,,,-1,5247.12,,783884.38,783884.38,781970.1,782241.58,354.2700000000186,,,782.8399999999995,978.1199999999994,-2004.5500000000004,-1847.7
1788733800,17.01,17.134,17.01,17.083,17.245,17.3915,16.917,16.82,,,,,0,0,0,0,0,0,0,0,0,0,,,-1,2694.08,,782240.48,782240.48,781665.78,781995.74,5901.770000000019,,,-1847.7,-1404.74,-1962.7,-1910.4999999999998
1788735600,17.083,17.166,17.012,17.024,17.245,17.3915,16.917,16.82,,,,,0,0,0,0,0,0,0,0,0,0,,,-1,3018.82,,781987.22,782158.86,781237.34,781525.04,1200.3399999999674,,,-1910.4999999999998,-1497.3099999999997,-2174.2199999999993,-1571.3799999999994
1788737400,17.024,17.074,16.979,17.001,17.245,17.3915,16.917,16.82,,,,,0,0,0,0,0,0,0,0,0,0,,,-1,5052.32,,781512.35,781526.77,777892.68,777892.68,1222.3100000000559,,,-1571.3799999999994,19.210000000000264,-1681.3999999999994,-394.01999999999975
1788739200,17.001,17.043,16.966,17.021,17.245,17.3915,16.917,16.82,,,,,0,0,0,0,0,0,0,0,0,0,,,-1,5009.01,,777878.68,780293.82,777657.08,779816.28,603.6899999999441,,,0,847.1600000000001,-700.0699999999999,762.5100000000002
1788741000,17.021,17.031,16.98,17.002,17.166,17.245,16.917,16.82,,,,,0,0,0,0,0,0,0,0,0,0,,,-1,2699.01,,779908.17,780099.62,779044.38,779527.82,2852.2900000000373,,,762.5100000000002,762.5100000000002,-429.28999999999996,-197.9599999999998
1788742800,17.002,17.061,16.921,17.025,17.166,17.245,16.917,16.82,,,,,0,0,0,0,0,0,0,0,0,0,,,-1,11898.92,,779581.16,781288.9,778544.58,781003.1,9008.119999999995,,,-197.9599999999998,4807.079999999997,-2516.8499999999995,4807.079999999997
1788744600,17.025,17.056,16.987,17.016,17.166,17.245,16.917,16.82,,,,,0,0,0,0,0,0,0,0,0,0,,,-1,3704.48,,780946.14,782989.64,780946.14,782743.44,365.88000000000466,,,4807.079999999997,5761.639999999998,4560.449999999997,5648.199999999997
1788746400,17.016,17.086,16.989,17.02,17.166,17.245,16.917,16.82,,,,,0,0,0,0,0,0,0,0,0,0,,,-1,2796.78,,782742.46,783934.69,782588.24,783862.28,602.609999999986,,,5648.199999999997,6473.5899999999965,5511.069999999997,5941.639999999997
1788748200,17.02,17.272,17.02,17.077,17.3915,18.08,16.919,16.82,,,,,0,0,0,0,0,0,0,0,0,0,,,-1,6520.85,,783991.99,787331.24,783952.98,786743.12,297.1700000000419,,,5941.639999999997,7785.959999999997,5767.889999999998,5767.889999999998
1788750000,17.077,17.122,17.061,17.069,17.3915,18.08,16.919,16.82,,,,,0,0,0,0,0,0,0,0,0,0,,,1,2402.73,,786739.3,786739.3,786037.71,786081.2,-248.2300000000978,,,5767.889999999998,6273.519999999998,5514.609999999998,5959.339999999998
1788751800,17.069,17.075,17.012,17.014,17.3915,18.08,16.919,16.82,,,,,0,0,0,0,0,0,0,0,0,0,,,1,1852.35,,786075.66,786763.52,785865.44,786307.32,-450.12999999988824,,,5959.339999999998,6292.249999999998,5725.759999999998,6223.529999999999
1788753600,17.014,17.035,16.988,16.999,17.272,17.3915,16.919,16.82,,,,,0,0,0,0,0,0,0,0,0,0,,,1,1763.07,,786261.62,786450.26,786055.88,786055.88,-208.38000000000466,,,6223.529999999999,6332.8499999999985,5221.3099999999995,5312.119999999999
1788755400,16.999,17.015,16.983,16.995,17.272,17.3915,16.919,16.82,,,,,0,0,0,0,0,0,0,0,0,0,,,1,1573,,786062.78,786725.35,785958.92,786620.36,199.5099999998929,,,5312.119999999999,5312.119999999999,4893.539999999999,5038.859999999999
1788757200,16.995,18.006,16.995,17.91,18.08,18.2225,16.919,16.82,,,,,0,0,0,0,0,0,0,0,0,0,,,1,43304.21,,786616.7,805108.92,786616.7,805108.92,22639.780000000028,,,5038.859999999999,40586.01,5038.859999999999,40586.01
1788759000,17.91,17.947,17.566,17.675,18.08,18.2225,16.919,16.82,,,,,0,0,0,0,0,0,0,0,0,0,,,1,21614.41,,805211.61,807202.34,796561.06,797379.74,-1948.5499999999302,,,40586.01,42508.96,30939.010000000002,32600.38
1788760800,17.675,17.709,17.55,17.593,18.08,18.2225,16.983,16.919,,,,,0,0,0,0,0,0,0,0,0,0,,,1,3952.79,,797261.78,797391.34,796555.5,797276.84,-170.68000000005122,,,32600.38,32737.56,31942.79,32458.77
1788762600,17.593,17.604,17.251,17.28,18.006,18.08,16.983,16.919,,,,,0,0,0,0,0,0,0,0,0,0,,,1,9073.87,,796887.88,798207.82,796278.2,796765.94,1381.6600000000326,,,32458.77,32920.51,26559.47,27407.34
1788764400,17.28,17.288,17.089,17.104,18.006,18.08,16.983,16.919,,,,,0,0,0,0,0,0,0,0,0,0,,,1,13746.02,,796790.54,796853.62,791232.52,791232.52,1276.2700000000186,,,27407.34,27407.34,18123.03,18916.38
1788766200,17.104,17.104,16.905,17.051,18.006,18.08,16.82,16.105,,,,,0,0,0,0,0,0,0,0,0,0,,,1,11734.59,,791192.51,792754.52,789957.42,791948.42,-10415.090000000084,,,18916.38,18916.38,13036.130000000001,14658.610000000002
1788768000,17.051,17.082,17.01,17.05,18.006,18.08,16.82,16.105,,,,,0,0,0,0,0,0,0,0,0,0,,,1,2403.56,,791944.5,791944.5,790552.48,790553.92,19.350000000093132,,,14658.610000000002,14746.430000000002,14058.000000000002,14404.550000000003
1788769800,17.05,17.087,16.941,16.996,18.006,18.08,16.82,16.105,,,,,0,0,0,0,0,0,0,0,0,0,,,-1,4568.16,,790557.12,791322.4,790368.26,790957.18,2656.319999999949,,,14404.550000000003,15570.410000000003,13419.450000000003,13419.450000000003
1788771600,16.996,17.131,16.988,17.053,18.006,18.08,16.905,16.82,,,,,0,0,0,0,0,0,0,0,0,0,,,-1,4010.12,,791018.66,792859.12,791017.5,791849.66,1018.4100000000326,,,13419.450000000003,14070.640000000003,12935.580000000002,13147.990000000002
1788773400,17.053,17.056,16.975,16.991,18.006,18.08,16.905,16.82,,,,,0,0,0,0,0,0,0,0,0,0,,,-1,2215.19,,791852.24,792572.56,791756.2,792526.64,-1396.3499999999767,,,13147.990000000002,13224.600000000002,12595.630000000001,12702.700000000003
1788775200,16.991,17.068,16.977,17.045,18.006,18.08,16.905,16.82,,,,,0,0,0,0,0,0,0,0,0,0,,,-1,4360.09,,792525.54,793634.86,792512.64,793092.36,66.1699999999255,,,12702.700000000003,12816.750000000002,11779.870000000003,12031.190000000002
1788777000,17.045,17.117,16.976,17.078,17.131,18.006,16.905,16.82,,,,,0,0,0,0,0,0,0,0,0,0,,,-1,4616.96,,793091.25,794530.86,793082.48,793126.24,3005.5200000000186,,,12031.190000000002,13530.450000000003,11477.970000000003,13203.290000000003
1788778800,17.078,17.157,17.056,17.12,18.006,18.08,16.905,16.82,,,,,0,0,0,0,0,0,0,0,0,0,,,-1,3529.65,,793139.68,794713.08,793139.68,794712.75,-632.4899999999907,,,13203.290000000003,13336.420000000002,12402.340000000002,12887.820000000003
1788780600,17.12,17.233,17.076,17.109,18.006,18.08,16.905,16.82,,,,,0,0,0,0,0,0,0,0,0,0,,,-1,8538.22,,794714.92,802774.98,794696.88,802355.7,-879.5200000000186,,,12887.820000000003,18552.050000000003,12824.230000000003,17183.9
1788782400,17.109,17.268,17.077,17.198,18.006,18.08,16.905,16.82,,,,,0,0,0,0,0,0,0,0,0,0,,,-1,7041.98,,802344.88,805190.94,801471.84,804976.16,-875.6600000000326,,,17183.9,22809.280000000002,16991.25,22809.280000000002
1788784200,17.198,17.646,17.164,17.578,18.006,18.08,16.905,16.82,,,,,0,0,0,0,0,0,0,0,0,0,,,-1,12428.35,,804975.11,809251.68,804656.56,808472.74,314.3400000000838,,,22809.280000000002,32889.54,22452.58,32639.97
1788786000,17.578,17.775,17.543,17.747,18.006,18.08,16.905,16.82,,,,,0,0,0,0,0,0,0,0,0,0,,,1,20286.89,,808400.02,811324.88,806114.08,808611.58,-3632.8800000000047,,,32639.97,38261.21,32639.97,37403.3
1788787800,17.747,17.854,17.512,17.808,18.006,18.08,16.905,16.82,,,,,0,0,0,0,0,0,0,0,0,0,,,1,16555.81,,808606.08,808937.48,803517.72,803688.12,1566.579999999958,,,37403.3,40680.39,34577.100000000006,39277.29
1788789600,17.808,17.856,17.619,17.752,18.006,18.08,16.905,16.82,,,,,0,0,0,0,0,0,0,0,0,0,,,1,25535.23,,805301.96,805330.98,798293.88,801468.98,55.06999999994878,,,39277.29,39452.64,30436.440000000002,31747.1
1788791400,17.752,17.776,17.51,17.659,18.006,18.08,16.905,16.82,,,,,0,0,0,0,0,0,0,0,0,0,,,1,9654.1,,801481.38,801636.6,796891.2,797984.38,-128.5199999999022,,,31747.1,31859.559999999998,27210.01,29891.739999999998
1788793200,17.659,17.688,17.467,17.538,18.006,18.08,16.905,16.82,,,,,0,0,0,0,0,0,0,0,0,0,,,1,8247.34,,797909.1,797909.1,795177.5,795177.5,-794.5200000000186,,,29891.739999999998,31349.899999999998,29155.51,29885.839999999997
1788795000,17.538,17.547,17.236,17.35,17.856,18.006,16.905,16.82,,,,,0,0,0,0,0,0,0,0,0,0,,,1,18758.87,,794655.54,794655.54,783165.3,783194.62,-1279.9899999999907,,,29885.839999999997,29885.839999999997,14246.479999999996,14714.269999999995
1788796800,17.35,17.52,17.237,17.27,17.856,18.006,16.905,16.82,,,,,0,0,0,0,0,0,0,0,0,0,,,1,5120.74,,783191.28,783191.28,781312.22,781343,-5205.729999999981,,,14714.269999999995,14781.369999999995,12115.799999999996,12174.549999999996
1788798600,17.27,17.339,17.22,17.305,17.856,18.006,16.905,16.82,,,,,0,0,0,0,0,0,0,0,0,0,,,1,2651.91,,781303.48,781496.36,780524.34,780685.72,-1617.9600000000792,,,12174.549999999996,12403.669999999996,11733.719999999996,11849.839999999995
1788800400,17.305,17.418,17.281,17.408,17.856,18.006,16.905,16.82,,,,,0,0,0,0,0,0,0,0,0,0,,,1,2679.22,,780673.84,780673.84,779719.48,779719.48,1021.0800000000745,,,11849.839999999995,13356.199999999995,11844.309999999994,13356.199999999995
1788802200,17.408,17.651,17.37,17.641,17.856,18.006,16.905,16.82,,,,,0,0,0,0,0,0,0,0,0,0,,,1,9380.88,,779713.26,785057.44,779690.55,784857.12,2875.5299999999115,,,13356.199999999995,19803.849999999995,13356.199999999995,19297.079999999994
1788804000,17.641,17.77,17.578,17.68,17.856,18.006,17.22,16.905,,,,,0,0,0,0,0,0,0,0,0,0,,,1,14164.8,,784862.55,787864.48,784830.8,786344.04,3207.590000000084,,,19297.079999999994,21872.949999999993,18469.039999999994,18537.219999999994
1788805800,17.68,17.775,17.531,17.733,17.856,18.006,17.22,16.905,,,,,0,0,0,0,0,0,0,0,0,0,,,1,9723.29,,786364.16,786875.56,784737.42,785067.97,49.419999999925494,,,18537.219999999994,19311.679999999993,15855.449999999993,19026.069999999992
1788807600,17.733,18.019,17.625,17.865,18.08,18.2225,17.22,16.905,,,,,0,0,0,0,0,0,0,0,0,0,,,1,21833.19,,785202.96,787256.98,784617.84,787158.24,6576.540000000037,,,19026.069999999992,30402.999999999993,17899.959999999992,27981.079999999994
1788809400,17.865,18.342,17.865,18.302,18.533,,17.22,16.905,,,,,0,0,0,0,0,0,0,0,0,0,,,1,26660.04,,787194.33,798586.94,787194.33,798535.22,5128.640000000014,,,27981.079999999994,44018.06999999999,27981.079999999994,41347.21999999999
1788811200,18.302,18.615,18.267,18.429,,,17.22,16.905,,,,,0,0,0,0,0,0,0,0,0,0,,,1,41056.71,,798829.84,809898.6,798829.84,800841.04,18697.969999999972,,,41347.21999999999,45663.12999999999,39454.669999999984,40162.32999999999
1788813000,18.429,18.999,18.423,18.592,,,17.22,16.905,,,,,0,0,0,0,0,0,0,0,0,0,,,1,88174.18,,800760.86,813127.42,792252.1,792368.44,5887.510000000009,,,40162.32999999999,63895.55999999999,32383.21999999999,37494.869999999995
1788814800,18.592,18.722,18.513,18.673,,,17.22,16.905,,,,,0,0,0,0,0,0,0,0,0,0,,,1,19067.23,,792186.85,792338.68,789123.5,791182.82,1062.9000000000233,,,37494.869999999995,42171.38,37494.869999999995,39267.84
1788816600,18.673,18.69,18.423,18.477,,,17.22,16.905,,,,,0,0,0,0,0,0,0,0,0,0,,,1,18950.79,,791179.2,791599.61,786484.28,786976.03,934.2899999999208,,,39267.84,39267.84,28522.28,33161.75
1788818400,18.477,18.584,18.319,18.407,18.999,,17.22,16.905,19.928145811766594,17.477170418685116,,,0,0,0,0,0,0,0,0,0,0,,,1,13231.39,,786974.46,788988.67,786313.78,786740.78,2145.1200000001118,,,33161.75,34127.84,27952.28,27952.28
1788820200,18.407,18.479,18.288,18.423,18.999,,17.22,16.905,19.606545811766594,17.572286817350466,,,0,0,0,0,0,0,0,0,0,0,,,1,8506.75,,786764.96,787900.9,786452.5,787701.5,404.5999999999767,,,27952.28,28765.559999999998,25654.57,28280.65
1788822000,18.423,18.542,18.354,18.45,18.999,,17.22,16.905,19.589745811766594,17.81336633039686,,,0,0,0,0,0,0,0,0,0,0,,,1,13414.38,,787703.3,792268.66,787703.3,791747.66,1083.469999999972,,,28280.65,32196.420000000002,27707.29,28955.81
1788823800,18.45,18.526,18.408,18.467,18.999,,17.22,16.905,19.455219377292092,18.217368735368513,,,0,0,0,0,0,0,0,0,0,0,,,1,9752.39,,791745.55,792748.61,789156.52,789156.52,361.1700000000419,,,28955.81,30069.800000000003,26215.190000000002,26411.38
1788825600,18.467,18.539,18.384,18.395,18.999,,18.288,17.22,19.443574836897415,18.23969953998505,,,0,0,0,0,0,0,0,0,0,0,,,1,7714.2,,789059.57,791034.66,788962.77,790116.7,-614.5500000000466,,,0,3550.1499999999996,0,3137.939999999999
1788827400,18.395,18.59,18.395,18.445,18.999,,18.288,17.22,19.43776204938807,18.240363858557547,,,0,0,0,0,0,0,0,0,0,0,,,1,5161.23,,790100.5,790178.77,789099.6,789099.6,2979.109999999986,,,3137.939999999999,4670.819999999999,3137.939999999999,3893.5299999999984
1788829200,18.445,18.917,18.428,18.851,18.999,,18.288,17.22,19.524145811766594,18.236780725803435,,,1,0,0,0,0,0,0,0,0,0,,,1,18309.44,,789165.05,795694.53,788175.08,795334.42,11626.709999999963,,,3893.5299999999984,10438.739999999998,3751.0399999999986,8678.369999999999
1788831000,18.851,19.07,18.761,18.963,,,18.288,17.22,19.593745811766595,18.23602495967462,,,0,0,0,0,0,0,0,0,1,0,,,1,21928.03,,795337.36,802568.66,794970.22,802568.66,7159.920000000042,,,8678.369999999999,19194.23,8344.279999999999,19180.239999999998
1788832800,18.963,19.079,18.806,19,,,18.288,17.22,19.576945811766596,18.235837462555004,,,0,0,0,0,0,0,0,0,0,0,,,1,18680.99,,802651.13,804070.61,802498.52,803044.34,8325.01000000001,,,19180.239999999998,21513.329999999998,15131.079999999998,16491.589999999997
1788834600,19,19.09,18.441,18.463,,,18.288,17.22,19.585745811766593,18.23029192951536,,,0,0,0,0,0,0,0,0,0,0,,,1,26140.55,,802996.24,803978.28,797266.96,797266.96,-10348.890000000014,,,16491.589999999997,17003.379999999997,4807.359999999993,4807.359999999993
1788836400,18.463,18.526,17.984,17.996,,,17.22,16.905,19.905745811766593,17.92267107740712,,,0,0,0,0,0,0,0,0,0,0,,,1,32947.97,,797101.24,797101.24,792303.54,794287.92,-11161.939999999944,,,4807.359999999993,5472.599999999993,-17041.570000000007,-17041.570000000007
1788838200,17.996,18.061,17.722,17.884,,,17.22,16.905,20.115345811766595,17.660208857592327,,,0,0,0,0,0,0,0,0,0,0,,,1,35527.55,,793876.52,796358.87,793223.2,795647.7,-12122.20000000007,,,-17041.570000000007,-16438.710000000006,-32464.02000000001,-31211.220000000016
1788840000,17.884,17.943,17.805,17.895,,,17.22,16.905,20.115345811766595,17.66265108205002,,,0,0,0,0,0,0,0,0,0,0,,,-1,14715.71,,795589.86,797282.14,794533.34,795168.08,-6276.260000000009,,,-31211.220000000016,-24853.370000000017,-31734.190000000017,-24853.370000000017
1788841800,17.895,17.935,17.697,17.774,,,17.22,16.905,20.135345811766594,17.638490290475016,,,0,0,0,0,0,0,0,0,0,0,,,-1,11957.19,,795004.53,795969.75,793016.32,794281.18,-5319.209999999963,,,-24853.370000000017,-24747.390000000018,-32277.240000000016,-31922.220000000016
1788843600,17.774,17.954,17.774,17.803,,,17.22,16.905,20.135345811766594,17.640098126869656,,,0,0,0,0,0,0,0,0,0,0,,,-1,10613.23,,794172.35,796192.99,794172.35,794655.94,820.609999999986,,,-31922.220000000016,-28576.740000000016,-31922.220000000016,-31172.570000000014
1788845400,17.803,17.865,17.729,17.767,,,17.22,16.905,19.684145811766594,17.64221968923611,,,0,0,0,0,0,0,0,0,0,0,,,-1,8134.09,,794663.56,795120.86,793219.86,793432.32,658.5799999999581,,,-31172.570000000014,-29915.100000000013,-32314.860000000015,-32314.860000000015
1788847200,17.767,17.783,17.61,17.659,,,17.22,16.905,19.4876608367232,17.55666114000496,,,0,0,0,0,0,0,0,0,0,0,,,-1,18878.65,,793278.74,803637.32,793232.38,802993.94,-2436.179999999935,,,-32314.860000000015,-30538.980000000014,-38745.830000000016,-38745.830000000016
1788849000,17.659,17.75,17.561,17.587,,,17.22,16.905,19.4779490492263,17.508771058576034,,,0,0,0,0,0,0,0,0,0,0,,,-1,12209.18,,802878.1,804535.56,802136.52,802377.3,167.4100000000326,,,-38745.830000000016,-37207.320000000014,-43717.460000000014,-42838.970000000016
1788850800,17.587,17.62,17.523,17.589,,,17.22,16.905,19.45743096083632,17.47311598296346,,,0,0,0,0,0,0,0,0,0,0,,,-1,7664.49,,802384.66,804553.1,802265.74,804176.26,1054.7299999999814,,,-42838.970000000016,-41287.12000000002,-44337.070000000014,-41615.70000000002
1788852600,17.589,17.872,17.589,17.859,,,17.22,16.905,19.46162845018848,17.47263626989464,,,0,0,0,0,0,0,0,0,0,0,,,-1,8919.88,,804173.3,806079.56,804163.8,805984.3,2376.9499999999534,,,-41615.70000000002,-36369.14000000002,-41615.70000000002,-36369.14000000002
1788854400,17.859,17.913,17.785,17.832,,,17.22,16.905,19.446151118872635,17.47440510775931,,,0,0,0,0,0,0,0,0,0,0,,,-1,10136.29,,805962.98,805962.98,803862.84,803862.84,9176.25,,,-36369.14000000002,-34610.92000000002,-38085.77000000002,-38078.67000000002
1788856200,17.832,17.989,17.802,17.845,,,17.523,17.22,19.439154311222204,17.47520474291936,,,0,0,0,0,0,0,0,0,0,0,,,-1,13698.67,,803846.66,804069.57,801154.84,802790.96,10312.46000000008,,,-38078.67000000002,-34371.91000000002,-38442.94000000002,-38442.94000000002
1788858000,17.845,18.104,17.817,18.03,,,17.523,17.22,19.485745811766595,17.47451868985369,,,0,0,0,0,0,0,0,0,0,0,,,-1,9042.67,,802054.1,803250.29,801129.43,802859.56,8837.129999999888,,,-38442.94000000002,-37074.290000000015,-39645.710000000014,-37766.930000000015
1788859800,18.03,18.245,18.005,18.13,,,17.523,17.22,19.598545811766595,17.474553069149856,,,0,0,0,0,0,0,0,0,0,0,,,1,17148.35,,802856.18,807390.12,800684.4,807242.08,8559.860000000102,,,-37766.930000000015,-31444.320000000014,-39192.41000000002,-31444.320000000014
1788861600,18.13,18.369,17.97,18.212,,,17.523,17.22,19.644945811766597,17.47231356421058,,,0,0,0,0,0,0,0,0,0,0,,,1,24371.88,,807261.8,817829.88,804731.04,817640.68,840.1499999999069,,,-31444.320000000014,-26671.550000000014,-39950.80000000002,-39950.80000000002
1788863400,18.212,18.291,18.156,18.275,,,17.523,17.22,19.488145811766593,17.474005452481254,,,0,0,0,0,0,0,0,0,0,0,,,1,11901.24,,817554.68,819927.71,814724.71,819747.83,-675.1499999999069,,,-39950.80000000002,-33733.88000000002,-42171.88000000002,-33733.88000000002
1788865200,18.275,18.455,18.151,18.338,,,17.523,17.22,19.543345811766592,17.47316220587545,,,0,0,0,0,0,0,0,0,0,0,,,1,39382.18,,819729.4,847487.75,819148.06,846496.41,6413.859999999986,,,-33733.88000000002,-32056.120000000017,-59130.63000000002,-57970.24000000002
1788867000,18.338,18.58,18.258,18.481,,,17.523,17.22,19.631345811766593,17.734122048312916,,,0,0,0,0,0,0,0,0,0,0,,,1,21490.62,,846472.58,846488.16,843007.18,843371.41,-2329.530000000028,,,-57970.24000000002,-55514.27000000002,-62527.80000000002,-60727.40000000002
1788868800,18.481,19.139,18.41,19.043,,,17.523,17.22,20,17.74434190200485,,,0,0,0,0,0,0,0,0,1,0,,,1,52912.48,,843459.9,851289.35,842798.4,847740.3,11408.26000000001,,,-60727.40000000002,-44226.94000000002,-64121.00000000002,-45877.84000000002
1788870600,19.043,19.296,18.974,19.203,,,17.523,17.22,20,17.758860337575936,,,0,0,0,0,0,0,0,0,0,0,,,1,32508.94,,847676.98,853715.2,847627.78,851090.18,4944,,,-45877.84000000002,-45330.720000000016,-52926.330000000016,-48173.88000000002
1788872400,19.203,19.361,19.044,19.061,,,17.523,17.22,20,17.91148459917765,,,0,0,0,0,0,0,0,0,0,0,,,1,22177.91,,851184.14,854875.4,851078.64,853195.89,2543.2700000000186,,,-48173.88000000002,-44328.70000000002,-54214.650000000016,-54214.650000000016
1788874200,19.061,19.622,18.72,19.509,,,17.523,17.22,20,17.902778556379246,,,0,0,0,0,0,0,0,0,1,0,,,1,111510.98,,853135.78,899774.55,845733.91,899774.55,2408.1500000000233,,,-54214.650000000016,-41055.81000000001,-74388.49000000002,-44678.43000000001
1788876000,19.509,21.523,19.486,21.417,,,17.523,17.22,22.217799229418603,18.059480088066444,,,0,0,0,0,0,0,0,0,0,0,,,1,281755.83,,899592.13,980061.85,894235.04,977023.46,55485.83999999985,,,-44678.43000000001,100869.56000000004,-44678.43000000001,100869.56000000004
1788877800,21.417,24.398,21,22.98,,,17.523,17.22,24.14834928446013,18.01747436749027,,,0,0,0,0,0,0,0,0,0,0,,,1,697879.42,,981078,1028800.9,943810.15,995221.45,132864.05000000005,,,100869.56000000004,288664.06,50216.54000000004,223891.84000000003
1788879600,22.98,23.809,22.698,23.691,,,17.523,17.22,24.91477076414155,18.118140484098106,,,0,0,0,0,0,0,0,0,0,0,,,1,190386.86,,995263.79,1012631.19,994133.07,1012631.19,58833.73999999999,,,223891.84000000003,246634.99,219888.18000000002,240317.48
1788881400,23.691,24.977,22.911,24.826,,,17.523,17.22,30,18.250616163805386,,,0,0,0,0,0,0,0,0,0,0,,,1,225246.52,,1012679.42,1045112.05,1011919.83,1045112.05,54933.810000000056,,,240317.48,314901.92000000004,236383.01,314901.92000000004
1788883200,24.826,25.766,23.072,23.32,,,17.523,17.22,30,18.533515009247857,,,0,0,0,0,0,0,0,0,0,0,,,1,333186.83,,1046075.33,1066312.52,1029829.31,1055125.02,17637.87999999989,,,314901.92000000004,357064.60000000003,220281.10000000003,224853.83000000002
1788885000,23.32,24.159,23.204,23.401,,,17.523,17.22,30,18.533192508587298,,,0,0,0,0,0,0,0,0,0,0,,,1,197657.11,,1054911.91,1085036.71,1054476.46,1065178.94,20929.16000000015,,,224853.83000000002,260812.87,215696.78000000003,215696.78000000003
1788886800,23.401,23.92,22.224,22.61,,,17.523,17.22,30,18.52230732940249,,,0,0,0,0,0,0,0,0,0,0,,,1,271317.49,,1065177.41,1114386.47,1058837.71,1113412.96,1018.9499999999534,,,215696.78000000003,231773.02000000002,137757.25000000006,137757.25000000006
1788888600,22.61,23.246,22.09,22.662,,,17.523,17.22,21.961745811766594,19.285913948730883,,,0,0,0,0,0,0,0,0,0,0,,,1,182682.05,,1114286.71,1129656.01,1103235.32,1103235.32,18324.439999999944,,,137757.25000000006,163162.52000000008,124203.53000000007,143490.42000000007
1788890400,22.662,23.07,21.895,22.512,25.766,,17.523,17.22,28.93739399630085,20.797420095250107,,,0,0,0,0,0,0,0,0,0,0,,,1,163414.6,,1102885.26,1112645.77,1094558.2,1104862.58,13603.020000000019,,,143490.42000000007,148904.85000000006,106114.25000000006,111606.32000000005
1788892200,22.512,23.105,22.219,22.771,25.766,,17.523,17.22,28.93739399630085,21.694232945589384,,,0,0,0,0,0,0,0,0,0,0,,,1,89404.8,,1104800.63,1108211.88,1092065.5,1098451.1,-7362.079999999842,,,111606.32000000005,136589.74000000005,111606.32000000005,136589.74000000005
1788894000,22.771,23.412,22.379,23.035,25.766,,17.523,17.22,27.651793996300853,21.693816306618714,,,0,0,0,0,0,0,0,0,0,0,,,1,122999.27,,1098109.85,1120670.71,1090014.22,1090014.22,11202.219999999972,,,136589.74000000005,152707.70000000004,125221.95000000004,145783.03000000006
1788895800,23.035,24.788,23.008,24.721,25.766,,21.895,17.523,28.154993996300853,21.68275799900309,,,1,0,0,0,0,0,0,0,0,0,,,1,166440.69,,1089711.48,1096775.88,1080793.53,1094099.07,43046.55999999982,,,145783.03000000006,220911.58000000007,145783.03000000006,215260.92000000004
1788897600,24.721,24.811,23.895,24.381,25.766,,21.895,17.523,28.173393996300852,21.684832427645727,,,0,0,0,0,0,0,0,0,0,0,,,1,124912.38,,1094455.58,1107643.38,1092534.2,1105858.34,19826.39000000013,,,215260.92000000004,240033.48000000004,195462.57000000004,237887.98000000004
1788899400,24.381,24.496,23.68,23.915,25.766,,21.895,17.523,28.173393996300852,21.68818725424246,,,0,0,0,0,0,0,0,0,0,0,,,1,68312.8,,1105952.75,1106927.67,1100582.87,1105936.12,12287.679999999935,,,237887.98000000004,239416.42000000004,221957.06000000003,221988.82000000007
1788901200,23.915,24.712,23.613,23.667,25.766,,21.895,17.523,27.914193996300853,21.687259593225143,,,0,0,0,0,0,0,0,0,0,0,,,1,80541.53,,1105845.43,1113235.14,1103121.96,1103121.96,3874.5100000000093,,,221988.82000000007,241336.48000000007,221137.99000000005,221137.99000000005
1788903000,23.667,24.077,23.563,23.7,25.766,,21.895,17.523,27.786193996300852,21.694755336566203,,,0,0,0,0,0,0,0,0,0,0,,,1,48334.61,,1101516.35,1101516.35,1091625.19,1091631.63,-5209.629999999888,,,221137.99000000005,225149.48000000004,213467.79000000004,218467.44000000006
1788904800,23.7,25,23.696,24.416,25.766,,21.895,17.523,27.630581886700444,21.690429955382903,,,0,0,0,0,0,0,0,0,0,0,,,1,72325.05,,1091607.68,1092705.02,1085787.51,1090503.65,16543.549999999814,,,218467.44000000006,235789.17000000004,210007.69000000006,211446.03000000006
1788906600,24.416,24.979,24.311,24.973,25.766,,21.895,17.523,27.586225608814757,22.179499244284127,,,0,0,0,0,0,0,0,0,0,0,,,1,50016.71,,1090423.7,1103277.95,1089768.74,1102738.41,22123.42000000016,,,211446.03000000006,215743.80000000005,209013.88000000006,213360.02000000005
1788908400,24.973,25.612,24.713,25.409,25.766,,23.563,21.895,27.573912636492334,23.364906441120972,,,0,0,0,0,1,0,0,0,0,0,,,1,130512.36,,1102677.41,1114766.65,1099250.41,1112503.07,32112.649999999907,,,213360.02000000005,244445.20000000007,213360.02000000005,236956.58000000007
1788910200,25.409,26.173,25.144,25.86,,,23.563,21.895,27.573912636492334,23.364906441120972,,,0,0,0,0,0,0,0,0,0,0,,,1,110856.98,,1112895.65,1119238.75,1112250.18,1117010.87,22021.37000000011,,,236956.58000000007,268362.32000000007,233930.86000000007,259233.18000000005
1788912000,25.86,26.158,24.504,24.877,,,23.563,21.895,27.573912636492334,23.364906441120972,,,0,0,0,0,0,0,0,0,1,0,,,1,155530.62,,1116453.24,1116453.24,1093170.86,1093297.96,2308.0200000000186,,,0,15115.289999999997,-38033.04000000001,-19369.979999999996
1788913800,24.877,24.909,23.935,24.098,,,23.563,21.895,27.573912636492334,23.364906441120972,,,0,0,0,0,0,0,0,0,0,0,,,1,105077.84,,1093471.07,1093471.07,1078555.18,1079322.06,-3726.0800000000745,,,-19369.979999999996,-19369.979999999996,-55379.40000000001,-52744.44
1788915600,24.098,24.685,24.062,24.339,,,23.563,21.895,27.573912636492334,23.364906441120972,,,0,0,0,0,0,0,0,0,0,0,,,1,52515.06,,1079608.68,1087164.38,1075627.3,1086000.6,-13153.860000000102,,,-52744.44,-44486.8,-55943.98000000001,-54078.70000000001
1788917400,24.339,25.184,24.022,24.867,,,23.563,21.895,27.573912636492334,23.364906441120972,,,0,0,0,0,0,0,0,0,0,0,,,1,80671.03,,1085656.37,1103863.01,1085656.37,1097426.03,8881.270000000019,,,-54078.70000000001,-25401.910000000007,-63611.640000000014,-34649.21000000001
1788919200,24.867,25.403,24.39,25.215,,,23.935,23.563,27.573912636492334,23.364906441120972,,,0,0,0,0,0,0,0,0,0,0,,,1,58399.15,,1097710.57,1104655.13,1097482.1,1104399.58,6255.910000000149,,,-34649.21000000001,-31174.920000000006,-51161.97,-31687.920000000006
1788921000,25.215,25.576,24.897,25.399,26.173,,23.935,23.563,28.030857607583638,23.736425335677,,,0,0,1,0,0,0,0,0,0,0,,,1,49807.54,,1104620.45,1114036.15,1103162.67,1113862.06,6078.699999999953,,,-31687.920000000006,-24731.26000000001,-38438.920000000006,-29290.140000000014
1788922800,25.399,25.555,24.815,24.83,26.173,,23.935,23.563,27.958376755208,23.74003781170007,,,0,0,0,0,0,0,0,0,0,0,,,1,51859.49,,1113766.28,1118015.7,1110109.91,1117175.59,8287.169999999925,,,-29290.140000000014,-27036.060000000012,-38556.45000000001,-38556.45000000001
1788924600,24.83,25.483,24.682,25.223,26.173,,23.935,23.563,27.936650387520547,23.742520825150066,,,0,0,0,0,0,0,0,0,0,0,,,1,50193.21,,1117060.63,1130431.54,1114636.98,1130272.76,19286.25,,,-38556.45000000001,-34033.390000000014,-40609.35000000001,-38572.40000000001
1788926400,25.223,25.866,25.159,25.665,26.173,,23.935,23.563,27.90472590323934,23.746169337639348,,,0,0,0,0,0,0,0,0,0,0,,,1,79268.17,,1130264.38,1143812.69,1129883.06,1143008.51,8722.479999999981,,,-38572.40000000001,-639.7600000000093,-38572.40000000001,-8637.530000000013
1788928200,25.665,26.265,25.456,25.89,,,23.935,23.563,27.887831739263934,23.748100099236538,,,0,0,0,0,0,0,0,0,1,0,,,1,95768.79,,1142960.92,1158824.76,1142715.56,1154997.74,7800.229999999981,,,-8637.530000000013,19014.98999999998,-8637.530000000013,4918.839999999982
1788930000,25.89,26.991,25.521,26.175,,,23.935,23.563,28.099657607583637,23.82745009214821,,,0,0,0,0,0,0,0,0,0,0,,,1,187246.39,,1154876.52,1178782.6,1152008.87,1165579.98,16798.560000000056,,,4918.839999999982,89674.79,-665.7100000000182,56541.57000000001
1788931800,26.175,26.491,25.508,26.23,,,23.935,23.563,28.099657607583637,24.19530365699477,,,0,0,0,0,0,0,0,0,0,0,,,1,89703.26,,1165764.75,1173372.56,1163359.47,1173212.47,-12039.619999999879,,,56541.57000000001,70334.91,44827.54000000001,64556.81
1788933600,26.23,27.177,25.855,26.635,,,23.935,23.563,30,24.482324824352286,,,0,0,0,0,0,0,0,0,0,0,,,1,101094.22,,1173142.27,1175299.23,1169437.35,1175299.23,7379.189999999944,,,64556.81,88305.28,53017.58,80017.07
1788935400,26.635,27.241,26.159,26.914,,,23.935,23.563,30,24.481130194041405,,,0,0,0,0,0,0,0,0,0,0,,,1,101016.44,,1175663.56,1183249.2,1173246.4,1183094.34,2789.4899999999907,,,80017.07,99201.72,74879.63,93641.67000000001
1788937200,26.914,29.199,26.565,29.102,,,23.935,23.563,30,24.457849465895592,,,0,0,0,0,0,0,0,0,1,0,,,1,255044.94,,1183102.84,1205283.87,1182005.6,1188946.28,37967.09999999986,,,93641.67000000001,242559.47,87219.61000000002,242559.47
1788939000,29.102,29.275,27.555,27.772,,,23.935,23.563,30,24.926288789760193,,,0,0,0,0,0,0,0,0,0,0,,,1,286783.11,,1190645.07,1194556.22,1180392.69,1182625.49,-26242.5,,,242559.47,242559.47,79901.28,86386.38
1788940800,27.772,28.3,27.013,28.163,,,23.935,23.563,30,25.221525304777323,,,0,0,0,0,0,0,0,0,0,0,,,1,194918.7,,1182724.93,1201981.35,1182704.25,1200565.95,-18965.97999999998,,,86386.38,118029.41999999998,63386.32000000001,118029.41999999998
1788942600,28.163,28.518,26.301,27.253,,,23.935,23.563,30,25.2586020687218,,,0,0,0,0,0,0,0,0,0,0,,,1,220859.95,,1200625.22,1204697.01,1183938.18,1185418.84,-46438.51000000001,,,118029.41999999998,133653.55,54614.18999999998,98033.65000000001
1788944400,27.253,27.614,26.056,26.714,,,23.935,23.563,28.827657607583635,25.2541590638131,,,0,0,0,0,0,0,0,0,0,0,,,1,152210.24,,1185133.33,1190876.13,1167541.98,1170352.15,-6554.829999999842,,,98033.65000000001,98033.65000000001,50046.68000000001,57669.829999999994
1788946200,26.714,26.898,25.273,25.636,29.275,,23.935,23.563,,,,,0,0,0,0,0,0,0,0,0,0,,,1,183180.87,,1170324.29,1181946.86,1170324.29,1180973.96,-24685.440000000177,,,57669.829999999994,57669.829999999994,7265.850000000006,22690.980000000003
1788948000,25.636,26.487,25.43,26.079,29.275,,23.935,23.563,,,,,0,0,0,0,0,0,0,0,0,0,,,1,112030.67,,1181274.58,1192457.66,1180310.18,1191927.84,9308.040000000037,,,22690.980000000003,57817.140000000014,20694.44,57197.41000000002
1788949800,26.079,26.213,25.481,26.198,29.275,,23.935,23.563,31.96408448409592,25.02526576647135,,,0,0,0,0,0,0,0,0,0,0,,,1,68875.64,,1191993.69,1200181.33,1190747.25,1199711.78,-2887.119999999879,,,57197.41000000002,68888.17000000001,42850.51000000002,68888.17000000001
1788951600,26.198,27.085,25.908,26.968,29.275,,25.273,23.935,31.96408448409592,25.026146783151965,,,0,0,0,0,0,0,0,0,0,0,,,1,121982.67,,1199618.82,1218389.16,1199314.71,1217980.51,23728.01000000001,,,68888.17000000001,116475.54000000001,57985.55000000001,113510.86000000002
1788953400,26.968,27.148,26.508,26.943,29.275,,25.273,23.935,31.453766870986193,25.03463629864111,,,0,0,0,0,0,0,0,0,0,0,,,1,77683.65,,1218219.71,1227959.26,1214380.73,1227959.26,-5661.620000000112,,,113510.86000000002,125803.03000000001,110045.78000000001,125803.03000000001
1788955200,26.943,27.209,26.58,27.117,29.275,,25.273,23.935,31.383414557636886,25.04267656302389,,,0,0,0,0,0,0,0,0,0,0,,,1,62740.69,,1227869.47,1235609.43,1227784.45,1234902.47,4383.360000000102,,,125803.03000000001,135871.01,123458.94000000002,131792.58000000002
1788957000,27.117,27.859,27.075,27.762,29.275,,25.273,23.935,31.337462409526818,25.04792823709361,,,0,0,0,0,1,0,0,0,0,0,,,1,133450.35,,1235259.26,1266752.97,1233607.71,1266164.74,19248.47999999998,,,131792.58000000002,188380.12000000002,130085.10000000002,167424.63
1788958800,27.762,28.037,25.86,25.96,29.275,,25.273,23.935,31.337462409526818,25.04792823709361,,,0,0,0,0,0,0,0,0,0,0,,,1,207772.65,,1266113.13,1268760.18,1244252.93,1248137.72,-41861.590000000084,,,167424.63,180688.5,142049.02,142049.02
1788960600,25.96,26.282,24.652,25.374,29.275,,23.935,23.563,31.337462409526818,25.04792823709361,,,0,0,0,0,0,0,0,0,0,0,,,1,232268.07,,1247269.89,1256219.17,1231860.28,1240999,-45467.23999999999,,,142049.02,150777.31999999998,71213.47999999998,98382.42999999998
1788962400,25.374,26.073,24.905,25.685,29.275,,23.935,23.563,31.337462409526818,25.04792823709361,,,0,0,0,0,0,0,0,0,0,0,,,1,211513.03,,1241212.7,1267055.5,1240357.69,1261285.36,-15208.310000000056,,,98382.42999999998,124020.21999999997,76647.15999999997,115350.31999999998
1788964200,25.685,26.094,25.37,25.841,29.275,,23.935,23.563,31.337462409526818,25.04792823709361,,,0,0,0,0,0,0,0,0,0,0,,,-1,53708.32,,1261327.58,1261579.51,1254193.79,1260277.74,-1488.9599999999627,,,115350.31999999998,123492.12999999998,105967.44999999998,118331.15999999997
1788966000,25.841,26.03,25.05,25.339,29.275,,24.652,23.935,31.337462409526818,25.04792823709361,,,0,0,0,0,0,0,0,0,0,0,,,-1,87525.91,,1260500.16,1260500.16,1252046.66,1252438.28,-2049.780000000028,,,118331.15999999997,123654.28999999998,93042.87999999998,100433.88999999997
1788967800,25.339,25.47,24.474,24.639,28.037,29.275,23.935,23.563,,,,,0,0,0,0,0,0,0,0,0,0,,,-1,96660.48,,1252460.61,1264288.41,1252460.61,1264288.41,-33305.31999999983,,,100433.88999999997,101311.49999999997,78379.88999999998,78379.88999999998
1788969600,24.639,24.903,24.235,24.287,28.037,29.275,23.935,23.563,,,,,0,0,0,0,0,0,0,0,0,0,,,-1,93402.18,,1264685.25,1285582.43,1262805.59,1283968.31,-18135.16000000015,,,78379.88999999998,87923.69999999998,59558.089999999975,61956.589999999975
1788971400,24.287,24.569,23.88,24.112,28.037,29.275,23.935,23.563,,,,,0,0,0,0,0,0,0,0,0,0,,,-1,129226.03,,1283914.79,1294662.75,1273647.08,1294210.09,-11390.030000000028,,,61956.589999999975,93176.27999999997,50400.629999999976,85185.99999999996
1788973200,24.112,24.664,23.912,24.425,28.037,29.275,23.935,23.563,,,,,0,0,0,0,0,0,0,0,0,0,,,-1,81382.7,,1294360.46,1317772.07,1293839.49,1316706.77,6758.420000000158,,,85185.99999999996,113193.29999999996,80202.79999999996,100734.29999999996
1788975000,24.425,25.44,24.36,25.308,28.037,29.275,23.935,23.563,,,,,0,0,0,0,0,0,0,0,0,0,,,-1,76043.93,,1316879.68,1325132.11,1313817.17,1325132.11,-936.2299999999814,,,100734.29999999996,139986.96999999997,100510.95999999996,136684.42999999996
1788976800,25.308,25.554,24.91,25.144,28.037,29.275,23.9075,23.563,,,,,0,0,0,0,0,0,0,0,0,0,,,-1,54982.81,,1324938.91,1331007.65,1323029.08,1327739.65,3167.8499999998603,,,136684.42999999996,138474.84999999998,125752.76999999996,131626.47999999998
1788978600,25.144,25.321,24.312,24.392,28.037,29.275,23.9075,23.563,,,,,0,0,0,0,0,0,0,0,0,0,,,-1,47749.75,,1327766.4,1329103.63,1319489.19,1321173.58,-22562.300000000047,,,131626.47999999998,133559.43,105453.19999999998,108110.02999999998
1788980400,24.392,24.759,23.605,24.386,28.037,29.275,23.563,21.895,,,,,0,0,0,0,0,0,0,0,0,0,,,-1,113233.61,,1321218.35,1330640.88,1318401.94,1319653.89,-6486.4199999999255,,,108110.02999999998,111273.74999999999,61475.75999999998,71095.87999999996
1788982200,24.386,24.449,23.438,23.538,25.554,28.037,21.895,17.523,,,,,0,0,0,0,0,0,0,0,0,0,,,-1,101039.48,,1319715.71,1328855.9,1315000.92,1327125.31,9776.860000000102,,,71095.87999999996,74394.99999999996,38392.22999999995,42749.43999999996
1788984000,23.538,23.781,23.274,23.488,25.554,28.037,21.895,17.523,,,,,0,0,0,0,0,0,0,0,0,0,,,-1,57185.82,,1326517.08,1326517.08,1313887.63,1318903.97,-5364.550000000047,,,42749.43999999996,49683.54999999996,27860.909999999956,31845.31999999996
1788985800,23.488,25.414,23.486,24.641,25.554,28.037,21.895,17.523,,,,,0,0,0,0,0,0,0,0,0,0,,,-1,137604.91,,1319669.84,1326930.9,1317902.37,1323360.94,2865.0999999998603,,,31845.31999999996,88419.04999999996,31845.31999999996,39520.04999999996
1788987600,24.641,24.953,23.854,24.008,25.554,28.037,21.895,17.523,,,,,0,0,0,0,0,0,0,0,0,0,,,-1,60973.1,,1326863.86,1331143.66,1321759.12,1323549.84,2188.820000000065,,,39520.04999999996,49470.60999999996,27189.209999999963,33691.32999999996
1788989400,24.008,24.036,22.252,23.06,25.554,28.037,21.895,17.523,,,,,0,0,0,0,0,0,0,0,0,0,,,-1,244504.32,,1323664.12,1324488.58,1295024.8,1296439.87,2495.410000000149,,,33691.32999999996,34289.849999999955,-100912.13000000003,-60540.13000000002
1788991200,23.06,23.129,22.368,22.845,25.484,28.037,21.895,17.523,19.28436803810004,25.63377924610184,,,0,1,0,0,0,0,0,0,0,0,,,-1,86398.05,,1296629.47,1300487.76,1295257.12,1295520.91,1195.9099999999162,,,-60540.13000000002,-60540.13000000002,-88752.19000000003,-83040.00000000001
1788993000,22.845,22.889,22.183,22.222,25.484,28.037,21.895,17.523,19.229168038100042,25.628166442808855,,,0,0,0,1,0,0,0,0,0,0,,,-1,71860.28,,1295700.5,1304884.71,1295471.84,1302853.82,-181.47999999998137,,,-83040.00000000001,-77762.49000000002,-111744.24,-109981.98000000001
1788994800,22.222,22.783,22.222,22.72,25.484,28.037,21.895,17.523,19.229168038100042,25.620883125465365,,,0,0,0,0,0,0,0,0,0,0,,,-1,42866.84,,1302635.77,1309934.8,1302347.02,1308190.42,3008.810000000056,,,-109981.98000000001,-91949.00000000001,-109981.98000000001,-93105.36000000002
1788996600,22.72,22.878,22.546,22.614,25.484,28.037,21.895,17.523,19.597968038100042,25.610848616503553,,,0,0,0,0,0,0,0,0,0,0,,,-1,24693.51,,1308030.68,1309799.6,1307944.53,1309688.29,-5298.340000000084,,,-93105.36000000002,-91002.08000000002,-94975.79000000002,-93469.97000000002
1788998400,22.614,23.319,22.588,23.221,25.484,28.037,21.895,17.523,20.123198029008694,25.60723085818187,,,0,0,0,0,0,0,0,0,0,0,,,-1,40534.96,,1309757.48,1310022.11,1300317.61,1300338.1,-24707.830000000075,,,0,12616.679999999998,0,11286.639999999998
1789000200,23.221,23.278,22.878,23.009,25.484,28.037,21.895,17.523,20.193967315372362,25.599142939740307,,,0,0,0,0,0,0,0,0,0,0,,,-1,26500.99,,1300532.11,1302745.34,1298956.97,1299045.04,2115.5200000000186,,,11286.639999999998,16752.44,6232.879999999997,14527.629999999996
1789002000,23.009,23.388,22.706,22.882,25.484,28.037,21.895,17.523,20.224431652710052,24.21766130118743,,,0,0,0,0,0,0,0,0,0,0,,,-1,28375.67,,1299007.15,1299007.15,1295469.77,1296220.9,2523.719999999972,,,14527.629999999996,23166.439999999995,14130.599999999995,16723.159999999996
1789003800,22.882,22.97,22.442,22.679,25.484,28.037,21.895,17.523,20.271969965952195,23.564228351102614,,,0,0,0,0,0,0,0,0,0,0,,,-1,39421.58,,1296163.18,1296638.19,1293672.75,1295718.34,6197.850000000093,,,16723.159999999996,16723.159999999996,2190.119999999999,4711
1789005600,22.679,23.635,22.623,23.082,25.484,28.037,21.895,17.523,20.255612685391327,23.813097754595283,,,0,0,0,0,0,0,0,0,0,0,,,-1,46088.27,,1295616.49,1297374.24,1293352.56,1293465.38,28837.320000000065,,,4711,29149.15,4711,21808.270000000004
1789007400,23.082,23.822,23.062,23.647,25.484,28.037,21.895,17.523,20.271923782013378,23.998233629267048,,,0,0,0,0,0,0,0,0,0,0,,,-1,65361.14,,1293420.33,1294135.65,1285909.99,1287244.55,-10390.870000000112,,,21808.270000000004,43031.850000000006,19577.150000000005,39029.130000000005
1789009200,23.647,24.17,23.488,23.703,25.484,28.037,21.895,17.523,20.296819800305283,24.34338837003369,,,0,0,0,0,0,0,0,0,0,0,,,-1,41564.64,,1287245.53,1288235.55,1279684.51,1280318.16,-11966.219999999972,,,39029.130000000005,54764.89,37651.170000000006,50389.07000000001
1789011000,23.703,24.129,23.256,23.789,25.484,28.037,21.895,17.523,20.296062531576336,24.343474915031283,,,0,0,0,0,0,0,0,0,0,0,,,1,77281.71,,1280325.21,1301663.28,1279761.81,1295144.01,-5819.6699999999255,,,50389.07000000001,66072.8,38455.54000000001,60459.69999999999
1789012800,23.789,24.046,23.592,23.834,25.484,28.037,21.895,17.523,20.347734353470887,24.33756956395762,,,0,0,0,0,0,0,0,0,0,0,,,1,16495.03,,1295200.09,1295628.51,1293536.82,1293536.82,-2485.690000000177,,,60459.69999999999,62803.48999999999,58552.45999999999,61459.649999999994
1789014600,23.834,24.67,23.79,24.164,25.484,28.037,21.895,17.523,20.176368038100044,24.838171737960646,,,0,0,0,0,0,0,0,0,0,0,,,1,72408.06,,1293512.18,1293512.18,1265842.1,1265842.1,-365.4899999999907,,,61459.649999999994,100136.15999999999,61459.649999999994,91449.62999999999
1789016400,24.164,24.213,23.673,23.889,25.484,28.037,21.895,17.523,20.380072667169802,24.833873756677743,,,0,0,0,0,0,0,0,0,0,0,,,1,21269.81,,1265784.62,1265784.62,1259013.94,1259014.19,-560.8599999998696,,,91449.62999999999,91875.34999999999,84437.93,85176.98
1789018200,23.889,23.945,23.498,23.817,25.484,28.037,21.895,17.523,20.42661876509339,24.828554202629334,,,0,0,0,0,0,0,0,0,0,0,,,1,19053.3,,1259013.18,1261815.37,1258844.4,1261512.36,3585.25,,,85176.98,87788.83,81885.2,83366.01999999999
1789020000,23.817,24.089,23.288,23.588,24.67,25.484,21.895,17.523,20.425590141736723,24.82867175958438,,,0,0,0,0,0,0,0,0,0,0,,,1,39085.1,,1262246.15,1264424.7,1258844.62,1260628.84,-8887.860000000102,,,83366.01999999999,92223.01,79892.59,82028.54
1789021800,23.588,24.443,23.556,24.372,24.67,25.484,21.895,17.523,20.41388499147696,24.830009491042638,,,0,0,0,0,0,0,0,0,0,0,,,1,25963.03,,1260666.66,1261373.9,1258980.76,1259321.98,6008.510000000009,,,82028.54,98075.97,81809.06,98075.97
1789023600,24.372,24.602,23.925,24.072,24.67,25.484,21.895,17.523,20.42926592337861,24.82825167025388,,,0,0,0,0,0,0,0,0,0,0,,,1,45011.14,,1259333.36,1261318.94,1254411.31,1256957.02,501.55000000004657,,,98075.97,104371.3,86829.22,93675.37000000001
1789025400,24.072,24.344,23.807,24.211,24.67,25.484,21.895,17.523,20.46104821728728,24.82461940809289,,,0,0,0,0,0,0,0,0,0,0,,,1,16661.71,,1256957.81,1260889.99,1256847.08,1259758.78,2478.4499999999534,,,93675.37000000001,94570.06000000001,88811.63,93017.94
1789027200,24.211,24.5,23.96,24.346,24.67,25.484,21.895,17.523,20.49018534734534,24.821289450371967,,,0,0,0,0,0,0,0,0,0,0,,,1,20551.41,,1259722.85,1261259.78,1259263.98,1260479.81,5568.920000000158,,,93017.94,98068.94,91449.42,94851.77
1789029000,24.346,24.529,23.897,24.258,24.636000000000003,25.484,21.895,17.523,20.505741253827814,24.751511632488256,,,0,0,0,0,0,0,0,0,0,0,,,1,34254.84,,1260633.4,1266130.47,1260618.36,1264759.41,6846.489999999991,,,94851.77,97779.36,83722.91,85103.11
1789030800,24.258,24.511,24.14,24.509,24.636000000000003,25.484,21.895,17.523,20.552811024132975,24.746132230167664,,,0,0,0,0,0,0,0,0,0,0,,,1,20035.67,,1264773.9,1265952.54,1263687.72,1264417.46,603.0399999998044,,,85103.11,87673.56,84354.03,87673.56
1789032600,24.509,24.522,23.7,23.976,24.636000000000003,25.484,21.895,17.523,20.540143667987767,24.747579928012833,,,0,0,0,0,0,0,0,0,0,0,,,1,48514.55,,1264453.54,1264611.73,1255907.78,1255907.78,13192.790000000037,,,87673.56,87673.56,66036.88999999998,68839.68999999999
1789034400,23.976,24.057,23.487,23.633,24.636000000000003,25.484,21.895,17.523,20.559881122995787,24.745324218869058,,,0,0,0,0,0,0,0,0,0,0,,,1,25431.82,,1255674.28,1255934.62,1253258.23,1255149.27,7736.600000000093,,,68839.68999999999,69813.30999999998,57793.70999999999,57793.70999999999
1789036200,23.633,24.096,23.576,23.724,24.636000000000003,25.484,21.895,17.523,20.584458759788948,24.7425153460927,,,0,0,0,0,0,0,0,0,0,0,,,1,22330.1,,1255343.66,1257721.61,1254527.22,1256164.32,-1646.380000000121,,,57793.70999999999,66406.32999999999,56819.08999999999,62148.88999999999
1789038000,23.724,24.045,23.475,23.84,24.636000000000003,25.484,21.895,17.523,20.601030851096883,24.74062139280036,,,0,0,0,0,0,0,0,0,0,0,,,1,28918.84,,1256155.51,1261268.92,1254766.3,1255332.68,5685.450000000186,,,62148.88999999999,72504.79999999999,56597.79999999999,72285.29
1789039800,23.84,24.223,23.762,23.88,24.636000000000003,25.484,21.895,17.523,20.630044221597107,24.664305579028905,,,0,0,0,0,0,0,0,0,0,0,,,1,14964.81,,1255226.57,1255550.5,1253842.44,1255034.16,2663.429999999935,,,72285.29,73749.9,69616.06999999999,69744.22
1789041600,23.88,24.072,23.175,23.295,24.636000000000003,25.484,21.895,17.523,20.602485208490176,24.667455180526844,,,0,0,0,0,0,0,0,0,0,0,,,1,38964.16,,1255009.19,1255767.15,1250509.93,1251228.51,-3571.9899999999907,,,69744.22,71647.36,46874.39,48071.26
1789043400,23.295,23.632,22.927,23.264,24.636000000000003,25.484,21.895,17.523,20.60089469631945,24.66063695334635,,,0,0,0,0,0,0,0,0,0,0,,,1,85599.88,,1251226.85,1274893.4,1250700.11,1272188.12,4108.659999999916,,,48071.26,54443.159999999996,32680.58,48417.96000000001
1789045200,23.264,24.631,23.244,24.062,24.636000000000003,25.484,21.895,17.523,20.450768038100044,24.7795485995359,,,0,0,0,0,0,0,0,0,0,0,,,-1,102586.49,,1272077.85,1276558,1270481.69,1274019.7,24443.449999999953,,,48417.96000000001,95717.16,48417.96000000001,73338.33
1789047000,24.062,24.106,23.348,23.683,24.636000000000003,25.484,21.895,17.523,20.450768038100044,24.779766556711905,,,0,0,0,0,0,0,0,0,0,0,,,1,71923.4,,1273943.22,1281276.45,1269145.02,1279413.87,-5239.939999999944,,,73338.33,74989.8,47711.83,60638.270000000004
1789048800,23.683,23.836,22.601,23.351,24.636000000000003,25.484,21.895,17.523,20.18996803810004,24.786783231232484,,,0,0,0,0,0,0,0,0,0,0,,,1,126926.39,,1279428.04,1290657.15,1266503.43,1271759.48,-3536.7600000000093,,,60638.270000000004,64177.89000000001,-3025.0799999999945,45789.82000000001
1789050600,23.351,23.574,23.1,23.392,24.634333333333334,25.484,21.895,17.523,20.18996803810004,24.78242728614445,,,0,0,0,0,0,0,0,0,0,0,,,1,27122.55,,1271820.42,1274062.61,1268986.14,1268986.14,342.78000000002794,,,45789.82000000001,45847.07000000001,39684.40000000001,45847.07000000001
1789052400,23.392,23.688,23.111,23.578,24.634333333333334,25.484,21.895,17.523,20.18996803810004,24.779853908562703,,,0,0,0,0,0,0,0,0,0,0,,,-1,29522.64,,1268978.46,1268978.46,1263395.47,1263397.1,10511.610000000102,,,45847.07000000001,50572.33000000001,43673.490000000005,49799.71000000001
1789054200,23.578,24.322,23.574,23.92,24.634333333333334,25.484,21.895,17.523,20.18996803810004,24.779907200808225,,,0,0,0,0,0,0,0,0,0,0,,,-1,43824.88,,1263390.12,1267603.1,1263186.72,1266696.48,3958,,,49799.71000000001,67901.20000000001,49180.76000000001,62450.43000000001
1789056000,23.92,24.053,23.3,23.618,24.634333333333334,25.484,21.895,17.523,20.437168038100044,24.78002811503621,,,0,0,0,0,0,0,0,0,0,0,,,-1,36650.58,,1266680.23,1266680.23,1256513.53,1258789.57,-5624.430000000168,,,62450.43000000001,62914.12000000001,36329.16000000001,40122.07000000001
1789057800,23.618,23.925,23.332,23.732,24.634333333333334,25.484,21.895,17.523,20.437168038100044,24.77785467824791,,,0,0,0,0,0,0,0,0,0,0,,,-1,31817.67,,1258797.08,1259257.76,1256658.9,1258332.16,4094.070000000065,,,40122.07000000001,49475.56000000001,38821.880000000005,44975.380000000005
1789059600,23.732,24.979,23.655,24.833,25.484,28.037,21.895,17.523,20.310768038100043,25.134279344087343,,,0,0,0,0,0,0,0,0,0,0,,,-1,90079.98,,1258323.11,1266274.68,1258145.82,1262606.32,1645.8600000001024,,,44975.380000000005,72666.08,44637.8,68683.9
1789061400,24.833,25.28,24.592,24.961,25.484,28.037,21.895,17.523,20.078768038100044,25.43401653379539,,,0,0,0,0,0,0,0,0,0,0,,,1,74278.1,,1262623.54,1262623.54,1254818.58,1255288.64,-5542.020000000019,,,68683.9,97244.26999999999,66045.54,93249.6
1789063200,24.961,25.236,24.474,25.035,25.484,28.037,21.895,17.523,20.229968038100044,25.43390106709572,,,0,0,0,0,0,0,0,0,0,0,,,1,39400.26,,1255226.2,1258962.95,1252525.1,1258122.4,-44.110000000102445,,,93249.6,104120.64,89021.77,101451.58
1789065000,25.035,25.592,24.655,25.398,25.484,28.037,21.895,17.523,19.980368038100046,25.748293848017454,,,0,0,0,0,0,0,0,0,0,0,,,1,41578.51,,1258050.57,1263097.21,1258050.57,1260417.33,-2678.4499999999534,,,101451.58,113795.23,99114.07,105823.07
1789066800,25.398,25.679,25.01,25.163,28.037,29.275,21.895,17.523,19.936368038100046,25.833687144587635,,,0,0,0,0,0,0,0,0,0,0,,,1,39924.74,,1260349.44,1262387.22,1259111.64,1260534.69,-7942.719999999972,,,105823.07,108405.54000000001,87335.34000000001,91843.95000000001
1789068600,25.163,25.2,24.507,24.577,28.037,29.275,21.895,17.523,20.194768038100044,25.832538062831375,,,0,0,0,0,0,0,0,0,0,0,,,1,37556.81,,1260458.08,1260458.37,1244276.96,1244809.36,-3247.219999999972,,,91843.95000000001,91843.95000000001,72251.62,73691.90000000001
1789070400,24.577,24.941,24.464,24.92,28.037,29.275,21.895,17.523,20.506846277595113,25.828385344057704,,,0,0,0,0,0,0,0,0,0,0,,,1,37050.21,,1244783.47,1251191.66,1243660.7,1249256.72,-3606.350000000093,,,73691.90000000001,84249.57000000002,70863.32,84249.57000000002
1789072200,24.92,24.949,24.52,24.812,25.679,28.037,21.895,17.523,20.54658711763118,25.823843533767867,,,0,0,0,0,0,0,0,0,0,0,,,1,19434.48,,1249195.24,1250247.47,1247619.29,1250247.47,3196.4799999999814,,,84249.57000000002,84249.57000000002,76969.69000000002,79631.25000000003
1789074000,24.812,24.866,23.934,24.155,25.679,28.037,21.895,17.523,20.417968038100046,25.82681185278445,,,0,0,0,0,0,0,0,0,0,0,,,1,37557.97,,1250241.68,1251423.78,1243571.44,1243909.34,-9868.449999999953,,,79631.25000000003,79631.25000000003,60612.820000000036,63962.36000000004
1789075800,24.155,24.369,24.049,24.369,25.679,28.037,21.895,17.523,20.417968038100046,25.820825291871273,,,0,0,0,0,0,0,0,0,0,0,,,1,10573.99,,1243901.69,1244192.96,1242904.89,1242912.42,-1034.1599999999162,,,63962.36000000004,66518.83000000003,63962.36000000004,66361.73000000004
1789077600,24.369,24.773,24.366,24.54,25.679,28.037,21.895,17.523,20.61076254164593,25.816509199594755,,,0,0,0,0,0,0,0,0,0,0,,,1,21591.84,,1242938.43,1246188.32,1242938.43,1243465.12,1091.7099999999627,,,66361.73000000004,72857.58000000005,66361.73000000004,69052.63000000003
1789079400,24.54,24.711,24.156,24.252,25.679,28.037,21.895,17.523,20.62733079139265,25.814615685337987,,,0,0,0,0,0,0,0,0,0,0,,,1,30137.56,,1243545.72,1243824.72,1237883.62,1238415.12,-1883.910000000149,,,69052.63000000003,69953.04000000004,53600.840000000026,54740.01000000003
1789081200,24.252,24.62,23.916,24.517,25.679,28.037,21.895,17.523,20.624090594728894,25.81498599352813,,,0,0,0,0,0,0,0,0,0,0,,,1,59448.75,,1238374.6,1238586.54,1230121.57,1232597.96,355.2200000002049,,,54740.01000000003,55991.43000000003,37373.50000000003,49495.06000000003
1789083000,24.517,24.667,24.031,24.049,25.679,28.037,21.895,17.523,20.629581840683976,25.084358422561838,,,0,0,0,0,0,0,0,0,0,0,,,1,31178.54,,1232572.42,1236388.04,1231772.14,1232653.63,5077.679999999935,,,49495.06000000003,52719.010000000024,38516.76000000003,38516.76000000003
1789084800,24.049,24.166,23.504,23.874,25.679,28.037,21.895,17.523,20.631430854785123,25.084147106664563,,,0,0,0,0,0,0,0,0,0,0,,,-1,57515.43,,1232594.46,1232594.46,1224396.55,1227348.89,-4813.300000000047,,,0,944.88,-21099.089999999993,-17619.009999999995
1789086600,23.874,24.756,23.742,24.244,25.679,28.037,21.895,17.523,20.589147796450476,25.005979456188523,,,0,0,0,0,0,0,0,0,0,0,,,-1,48639.12,,1227112.3,1231089.92,1225536.98,1228622.08,-3959.429999999935,,,-17619.009999999995,-1179.8899999999958,-18958.119999999995,-11910.530000000006
1789088400,24.244,24.518,24.026,24.28,25.679,28.037,21.895,17.523,20.6151349565683,24.9100094950322,,,0,0,0,0,0,0,0,0,0,0,,,-1,17712.27,,1228654.78,1228851.21,1226060.84,1226060.84,1284.5200000000186,,,-11910.530000000006,-8620.080000000005,-15081.340000000004,-14357.340000000004
1789090200,24.28,24.381,23.874,24.092,25.679,28.037,21.895,17.523,20.637390890963424,24.907465959672756,,,0,0,0,0,0,0,0,0,0,0,,,-1,23262.06,,1226048.49,1228073.93,1225467.15,1228073.93,106.86999999987893,,,-14357.340000000004,-14357.340000000004,-27256.81,-25294.160000000003
1789092000,24.092,24.306,23.664,23.76,24.756,25.679,21.895,17.523,20.641182115758898,24.890032676838988,,,0,0,0,0,0,0,0,0,0,0,,,-1,26957.26,,1227526.56,1229859.86,1226225.16,1226225.16,1813,,,-25294.160000000003,-21393.740000000005,-32641.560000000005,-32641.560000000005
1789093800,23.76,23.8,23.402,23.422,24.756,25.679,21.895,17.523,20.675202538783264,24.886144628493348,,,0,0,0,0,0,0,0,0,0,0,,,-1,51847.62,,1224453.36,1230638.09,1223388.99,1228180.16,-518.3999999999069,,,-32641.560000000005,-29092.660000000007,-40046.380000000005,-35181.82000000001
1789095600,23.422,23.719,23.328,23.364,24.756,25.679,21.895,17.523,20.67156803810004,24.88243429788668,,,0,0,0,0,0,0,0,0,0,0,,,-1,28923.87,,1228093.92,1228262.3,1223416.34,1223416.34,-119.92000000015832,,,-35181.82000000001,-26621.130000000005,-35181.82000000001,-33267.37000000001
1789097400,23.364,23.666,23.277,23.63,24.756,25.679,21.895,17.523,20.738064367770782,24.878960419466203,,,0,0,0,0,0,0,0,0,0,0,,,-1,16552.87,,1223349.43,1224114.59,1218736.5,1224114.59,1753.3400000000838,,,-33267.37000000001,-31725.54000000001,-37584.48000000001,-32657.240000000013
1789099200,23.63,24.339,23.475,24.221,24.756,25.679,21.895,17.523,20.706914629937156,24.88252038950433,,,0,0,0,0,0,0,0,0,0,0,,,-1,35652.66,,1223974.77,1226152.06,1223253.91,1223919.4,7964.340000000084,,,-32657.240000000013,-20164.900000000012,-33584.45000000001,-21883.060000000005
1789101000,24.221,24.48,24.164,24.337,24.756,25.679,21.895,17.523,20.746489873377364,24.877997504539735,,,0,0,0,0,0,0,0,0,0,0,,,-1,17453.16,,1223888.95,1230226.3,1223810.8,1230009.22,2862.8000000000466,,,-21883.060000000005,-17447.780000000006,-23906.800000000007,-18127.240000000005
1789102800,24.337,24.411,24.141,24.198,24.756,25.679,21.895,17.523,20.788988313714697,24.597140539929754,,,0,0,0,0,0,0,0,0,0,0,,,-1,18471.72,,1229991.64,1233607.8,1229942.42,1232746.12,941.6799999999348,,,-18127.240000000005,-17803.280000000006,-26902.110000000004,-26144.980000000003
1789104600,24.198,24.692,24.182,24.496,24.756,25.679,21.895,17.523,20.681968038100045,24.808059072791913,,,0,0,0,0,0,0,0,0,0,0,,,-1,21710.93,,1232738.9,1236116.25,1232341.92,1235875.28,871.7199999999721,,,-26144.980000000003,-13713.920000000002,-26144.980000000003,-16548.070000000003
1789106400,24.496,24.529,24.14,24.227,24.756,25.679,21.895,17.523,20.681968038100045,24.805326281878205,,,0,0,0,0,0,0,0,0,0,0,,,-1,11112.59,,1235875.27,1235875.27,1233562.19,1234624.85,-6261.969999999972,,,-16548.070000000003,-16371.010000000004,-23498.070000000003,-23148.140000000003
1789108200,24.227,24.294,23.976,24.015,24.756,25.679,21.895,17.523,20.840368038100046,24.80177440460119,,,0,0,0,0,0,0,0,0,0,0,,,-1,12804.84,,1234610.9,1238725.14,1234602.95,1238725.14,-453.29000000003725,,,-23148.140000000003,-21175.600000000002,-25397.670000000002,-21306.18
1789110000,24.015,24.47,24.001,24.192,24.724,25.679,21.895,17.523,20.863426000715364,24.800633375701107,,,0,0,0,0,0,0,0,0,0,0,,,-1,15266.53,,1238751,1240252.71,1238182.97,1240203.72,2136.7099999999627,,,-21306.18,-16997.050000000003,-21423.99,-18593.670000000002
1789111800,24.192,24.307,24.003,24.121,24.724,25.679,21.895,17.523,20.893321860528555,24.79721670600817,,,0,0,0,0,0,0,0,0,0,0,,,-1,12591.99,,1240364.58,1243023.71,1240260.88,1241187.5,-1031.25,,,-18593.670000000002,-15438.940000000002,-19875.100000000002,-15438.940000000002
1789113600,24.121,24.345,24.04,24.104,24.724,25.679,21.895,17.523,20.920957301783663,24.79405836986473,,,0,0,0,0,0,0,0,0,0,0,,,-1,10145.32,,1241185.26,1242397.44,1240136.38,1242388.93,-360.4199999999255,,,-15438.940000000002,-11172.190000000002,-15438.940000000002,-12154
1789115400,24.104,24.586,24.082,24.113,24.724,25.679,21.895,17.523,20.921743782949118,24.793968486302962,,,0,0,0,0,0,0,0,0,0,0,,,-1,23753.57,,1242382.57,1245081.75,1240944.45,1244551.6,-2100.9799999999814,,,-12154,-6089.490000000001,-17252.2,-16755.230000000003
1789117200,24.113,24.405,23.759,23.792,24.724,25.679,21.895,17.523,20.904724086888468,24.79591359442418,,,0,0,0,0,0,0,0,0,0,0,,,-1,27481.62,,1244478.55,1245191.76,1240174.74,1243561.24,-6941.770000000019,,,-16755.230000000003,-10837.570000000003,-21905.320000000003,-21628.790000000005
1789119000,23.792,23.972,23.41,23.527,24.724,25.679,21.895,17.523,20.873168038100044,24.796519766251023,,,0,0,0,0,0,0,0,0,0,0,,,-1,32412.98,,1243535.37,1249271.36,1242436.06,1247144.02,-9341.810000000056,,,-21628.790000000005,-19253.450000000004,-29771.14,-29297.93
1789120800,23.527,23.95,23.484,23.86,24.586,24.724,21.895,17.523,20.873168038100044,24.689711211518805,,,0,0,0,0,0,0,0,0,0,0,,,-1,15036.4,,1247061.97,1247310.3,1245574.68,1247068.48,-2469.5100000000093,,,-29297.93,-24301.04,-29520.59,-24993.949999999997
1789122600,23.86,24.129,23.68,24.081,24.586,24.724,21.895,17.523,20.873168038100044,24.68871755355318,,,0,0,0,0,0,0,0,0,0,0,,,-1,23331.35,,1247126.43,1252536.37,1247101.92,1252424.19,4450.209999999963,,,-24993.949999999997,-16458.14,-24993.949999999997,-16999.899999999998
1789124400,24.081,24.419,23.936,24.252,24.586,24.724,21.895,17.523,20.873168038100044,24.688280585442236,,,0,0,0,0,0,0,0,0,0,0,,,-1,20480.47,,1252435.37,1258456.78,1252265.38,1257752.69,6498.949999999953,,,-16999.899999999998,-12429.379999999997,-18274.269999999997,-13551.169999999996
1789126200,24.252,24.858,24.162,24.624,25.679,28.037,21.895,17.523,20.655568038100043,24.96291768648208,,,0,0,0,0,0,0,0,0,0,0,,,-1,40533.99,,1257772.92,1261754.45,1256886.66,1261152.6,13211.660000000149,,,-13551.169999999996,-6732.539999999997,-16499.789999999997,-7587.45999999999
1789128000,24.624,24.823,24.251,24.656,25.679,28.037,21.895,17.523,20.655568038100043,24.9635949945905,,,0,0,0,0,0,0,0,0,0,0,,,1,34171.01,,1259663.56,1262362.67,1259076.74,1261902.18,-3692.9499999999534,,,-7587.45999999999,4881.390000000007,-11688.33999999999,4881.390000000007
1789129800,24.656,25.748,24.316,25.347,28.037,29.275,21.895,17.523,20.002768038100044,25.86650963783404,,,0,0,0,0,0,0,0,0,0,0,,,1,132676.6,,1262355.58,1277211.2,1262355.58,1273518.14,549.75,,,4881.390000000007,40359.06,-7744.179999999993,39165.329999999994
1789131600,25.347,26.44,25.28,26.414,28.037,29.275,23.41,23.277,29.181915515904077,23.283383907725536,,,0,0,1,0,0,0,0,0,1,0,,,1,79010.76,,1273446.33,1277531.22,1269927.46,1271242.46,-9016.979999999981,,,39165.329999999994,65896.43,38669.87999999999,65896.43
1789133400,26.414,26.895,25.661,26.874,28.037,29.275,23.41,23.277,29.181915515904077,23.274799342888,,,0,0,0,0,0,0,0,0,0,0,,,1,140060.49,,1271216.06,1301757.27,1266938.24,1301522.94,-22245.210000000196,,,65896.43,70011.15999999999,37519.579999999994,53972.759999999995
1789135200,26.874,27.099,25.87,25.889,28.037,29.275,23.41,23.277,29.181915515904077,23.53689938982457,,,0,0,0,0,0,0,0,0,0,0,,,1,113219.45,,1301405.88,1318374.7,1301299.54,1316202.16,-1087.4499999999534,,,53972.759999999995,63728.35999999999,14175.229999999989,14175.229999999989
1789137000,25.889,26.183,25.632,25.834,28.037,29.275,23.41,23.277,29.181915515904077,23.79524943340853,,,0,0,0,0,0,0,0,0,0,0,,,1,60134.22,,1316230.53,1318478.22,1308738.4,1311117.74,10954.340000000084,,,14175.229999999989,24841.65999999999,8915.569999999989,9186.289999999986
1789138800,25.834,25.965,25.468,25.585,28.037,29.275,23.41,23.277,29.181915515904077,24.02420304530792,,,0,0,0,0,0,0,0,0,0,0,,,1,56196.33,,1311114.03,1311176.01,1295524.7,1296603.84,-10070.25,,,9186.289999999986,14700.529999999988,5241.949999999986,11070.659999999989
1789140600,25.585,25.74,24.994,25.166,28.037,29.275,23.41,23.277,29.181915515904077,24.112388542071642,,,0,0,0,0,0,0,0,0,0,0,,,1,55682.47,,1296604.48,1304761.13,1295395.02,1300221.5,-16915.350000000093,,,11070.659999999989,21844.929999999986,94.21999999998297,4291.609999999982
1789142400,25.166,25.392,24.347,24.448,28.037,29.275,23.41,23.277,29.181915515904077,24.172360789066524,,,0,0,0,0,0,0,0,0,0,0,,,1,82765.39,,1300181.06,1300474.59,1283244.03,1285090.95,-5953.449999999953,,,4291.609999999982,6160.959999999983,-21382.02000000001,-21382.02000000001
1789144200,24.448,24.936,24.413,24.62,28.037,29.275,23.41,23.277,29.181915515904077,24.206149304133202,,,0,0,0,0,0,0,0,0,0,0,,,1,24046.5,,1285204.8,1285204.8,1276601.36,1277507.7,-2832.399999999907,,,-21382.02000000001,-7190.30000000001,-21382.02000000001,-10554.14000000001
1789146000,24.62,24.69,24.395,24.444,28.037,29.275,23.41,23.277,29.181915515904077,24.211995782409403,,,0,0,0,0,0,0,0,0,0,0,,,1,21812.31,,1277483.08,1277483.08,1274887.54,1275617.91,924.3199999998324,,,-10554.14000000001,-10554.14000000001,-16576.310000000012,-14931.61000000001
1789147800,24.444,24.513,24.201,24.26,28.037,29.275,23.41,23.277,29.181915515904077,24.071181797951585,,,0,0,0,0,0,0,0,0,0,0,,,1,38089.66,,1275545.1,1282520.36,1275343.52,1280698.88,5309.950000000186,,,-14931.61000000001,-14560.410000000009,-34626.02000000001,-31005.110000000015
1789149600,24.26,24.294,23.993,24.061,28.037,29.275,23.41,23.277,29.181915515904077,23.86815452666933,,,0,0,0,0,0,0,0,0,0,0,,,1,41202.11,,1280700.2,1280795.52,1272503.02,1272744.52,13200.659999999916,,,-31005.110000000015,-27797.800000000014,-38638.42000000001,-28576.920000000013
1789151400,24.061,24.361,23.94,24.003,28.037,29.275,23.41,23.277,29.181915515904077,23.81805777476438,,,0,0,0,0,0,0,0,0,0,0,,,-1,47051.79,,1272661.7,1280483.2,1271412.79,1279784.42,4013.530000000028,,,-28576.920000000013,-21667.34000000001,-38573.710000000014,-32979.970000000016
1789153200,24.003,24.222,23.981,24.068,28.037,29.275,23.41,23.277,29.15394366340466,23.823325076566924,,,0,0,0,0,0,0,0,0,0,0,,,-1,17133.81,,1279732,1279732,1276841.06,1277632.6,-1322.9200000001583,,,-32979.970000000016,-26727.690000000017,-32979.970000000016,-28250.080000000016
1789155000,24.068,24.155,23.95,24.073,28.037,29.275,23.41,23.277,29.106646836258985,23.828730428240714,,,0,0,0,0,0,0,0,0,0,0,,,-1,13822.63,,1277615.07,1278723,1276504.56,1276543.28,3261.690000000177,,,-28250.080000000016,-27259.980000000018,-31932.130000000016,-31932.130000000016
1789156800,24.073,24.196,23.983,24.069,28.037,29.275,23.94,23.41,29.063728353909433,23.833635397652092,,,0,0,0,0,0,0,0,0,0,0,,,-1,13231.42,,1276535.87,1277380.52,1275725.89,1276013.29,-6988,,,-31932.130000000016,-30837.640000000014,-35958.94000000002,-33375.41000000002
1789158600,24.069,24.258,23.929,24.132,28.037,29.275,23.94,23.41,29.03837547744199,23.836532869248373,,,0,0,0,0,0,0,0,0,0,0,,,-1,16874.66,,1276032.96,1276888.98,1274296.1,1274343.26,-730.410000000149,,,-33375.41000000002,-33375.41000000002,-39934.790000000015,-35371.49000000002
1789160400,24.132,24.432,23.94,23.984,28.037,29.275,23.94,23.41,29.03520852072222,23.8368948071592,,,0,0,0,0,0,0,0,0,0,0,,,-1,31130.07,,1274327.26,1276257.03,1273517.6,1274768.88,-4271.289999999804,,,-35371.49000000002,-26412.04000000002,-35659.040000000015,-35217.56000000002
1789162200,23.984,24.028,23.675,23.918,28.037,29.275,23.41,23.277,29.01489277519672,23.57421660664783,,,0,0,0,0,0,0,0,0,0,0,,,-1,69670.29,,1274766.92,1274919.1,1238404.67,1238404.67,-31394.730000000214,,,-35217.56000000002,-34966.14000000002,-83849.31000000003,-70816.77000000002
1789164000,23.918,24.319,23.83,23.989,28.037,29.275,23.41,23.277,29.013028154351613,23.839429706172986,,,0,0,0,0,0,0,0,0,0,0,,,-1,50747.74,,1237806.39,1237806.39,1211470.09,1211624.32,-3391.25,,,-70816.77000000002,-66315.17000000001,-79156.63000000002,-68243.07
1789165800,23.989,24.108,23.327,23.515,28.037,29.275,23.277,22.5215,29.04779672070973,23.222456155732058,,,0,0,0,0,0,0,0,0,0,0,,,-1,43518.38,,1211732.65,1212507.84,1208691.13,1208812.54,-6215.219999999972,,,-68243.07,-67822.99,-90125.81,-82108.39000000001
1789167600,23.515,23.64,23.362,23.408,28.037,29.275,23.277,22.5215,29.017206818042265,23.22595214460834,,,0,0,0,0,0,0,0,0,0,0,,,-1,12251.17,,1208806.94,1209925.57,1207854.92,1208082.42,-2306.469999999972,,,-82108.39000000001,-80330.80000000002,-83009.00000000001,-82766.72000000002
1789169400,23.408,23.55,23.362,23.468,28.037,29.275,23.277,22.5215,29.017038083365225,23.230484134279173,,,0,0,0,0,0,0,0,0,0,0,,,-1,8882.63,,1208042.03,1208408.26,1206301.4,1206301.4,-3960.5500000000466,,,-82766.72000000002,-80728.07,-82872.34000000001,-81465.55000000002
1789171200,23.468,23.645,23.032,23.344,28.037,29.275,22.5215,22.183,29.162638083365227,22.93362098183066,,,0,0,0,0,0,0,0,0,0,0,,,-1,32384.89,,1206280.68,1209703.45,1206213,1209694.81,-6166.59999999986,,,0,2476.1900000000005,-14915.81,-10049.029999999999
1789173000,23.344,23.44,23.196,23.274,24.432,27.099,22.5215,22.183,21.341908659558957,24.52683765972867,,,0,1,0,0,0,0,0,0,0,0,,,-1,9361.64,,1209600.82,1210854.9,1209567.01,1210332.3,-2436.070000000065,,,-10049.029999999999,-5956.959999999999,-10550.329999999998,-5995.489999999999
1789174800,23.274,23.533,23.209,23.381,24.432,27.099,22.5215,22.183,21.510708659558954,24.524692112605194,,,0,0,0,1,0,0,0,0,0,0,,,-1,14313.6,,1210293.47,1215073.35,1209846.58,1214589.5,-2942.060000000056,,,-5995.489999999999,-4716.509999999998,-8772.349999999999,-8758.57
1789176600,23.381,23.543,23.322,23.491,24.432,27.099,22.5215,22.183,21.590760244641732,24.408228390276253,,,0,0,0,0,0,0,0,0,0,0,,,-1,6830.69,,1214588.04,1214703.9,1213565.08,1213596.24,-846.6999999999534,,,-8758.57,-8758.57,-10379.02,-9335.220000000001
1789178400,23.491,23.557,23.328,23.429,24.432,27.099,22.5215,22.183,21.61790298856439,24.19412636239938,,,0,0,0,0,0,0,0,0,0,0,,,-1,3809.27,,1213591.16,1214082.76,1213591.16,1214082.76,-3392.5400000000373,,,-9335.220000000001,-9335.220000000001,-10232.070000000002,-9558.730000000001
1789180200,23.429,23.786,23.409,23.524,24.432,27.099,22.5215,22.183,21.624606965064,23.871360193656567,,,0,0,0,0,0,0,0,0,0,0,,,-1,12795.72,,1214080.14,1215274.58,1213903.44,1214407.21,-3713.0400000000373,,,-9558.730000000001,-5656.080000000002,-9827.380000000001,-8524.130000000001
1789182000,23.524,23.81,23.407,23.77,24.432,27.099,22.5215,22.183,21.627582086099356,23.895020179823952,,,0,0,0,0,0,0,0,0,0,0,,,-1,13860.66,,1214409.63,1215250.95,1209930.74,1210538.16,-2663.219999999972,,,-8524.130000000001,-3589.3500000000013,-9095.02,-4789.81
1789183800,23.77,23.77,23.554,23.675,24.432,27.099,22.5215,22.183,21.653719698489326,23.89203302412224,,,0,0,0,0,0,0,0,0,0,0,,,-1,4743.93,,1210698.71,1211278.13,1210119.5,1210225.44,-3665.2399999999907,,,-4789.81,-4789.81,-6307.750000000001,-5952.88
1789185600,23.675,23.768,23.569,23.731,24.432,27.099,22.5215,22.183,21.680115338565727,23.88901637954208,,,0,0,0,0,0,0,0,0,0,0,,,-1,8574.74,,1210224.04,1210251.23,1207941.7,1208616.7,-4732.429999999935,,,-5952.88,-4487.44,-8599.22,-8130.199999999999
1789187400,23.731,23.771,23.627,23.734,23.81,24.432,22.5215,22.183,21.71150057577953,23.885429495289078,,,0,0,0,0,0,0,0,0,0,0,,,-1,6079.04,,1208625.96,1208625.96,1207065.64,1207080.5,-2437.6299999998882,,,-8130.199999999999,-8130.199999999999,-9925.119999999999,-9541.279999999999
1789189200,23.734,23.745,23.367,23.519,23.81,24.432,22.5215,22.183,21.711394010335205,23.885441674197,,,0,0,0,0,0,0,0,0,0,0,,,-1,6601.59,,1207078.2,1207759.14,1206281.91,1206558.21,-3085.090000000084,,,-9541.279999999999,-9541.279999999999,-12557.599999999999,-11940.829999999998
1789191000,23.519,23.536,23.337,23.337,23.81,24.432,22.5215,22.183,21.733670056708327,23.882895840325784,,,0,0,0,0,0,0,0,0,0,0,,,-1,5374.64,,1206544.9,1206743.32,1205308.62,1205950.94,-3016.8300000000745,,,-11940.829999999998,-11143.809999999998,-12742.869999999999,-12373.91
1789192800,23.337,23.49,23.239,23.39,23.81,24.432,22.5215,22.183,21.747854956911944,23.881274708873942,,,0,0,0,0,0,0,0,0,0,0,,,-1,10285.52,,1205932.41,1206442.02,1203925.86,1203925.86,-12056.040000000037,,,-12373.91,-9808.6,-13896.200000000003,-13779.840000000004
1789194600,23.39,23.65,23.336,23.618,23.81,24.432,22.5215,22.183,21.75315164995816,23.880669372525805,,,0,0,0,0,0,0,0,0,0,0,,,-1,6864.1,,1203912.73,1203912.73,1203144.5,1203659.54,-530.2899999998044,,,-13779.840000000004,-12335.440000000004,-14476.660000000003,-12569.920000000004
1789196400,23.618,23.881,23.591,23.803,24.432,27.099,22.5215,22.183,21.76107000778679,23.87976441734539,,,0,0,0,0,0,0,0,0,0,0,,,-1,9717.62,,1203604.84,1204090.84,1201656.66,1201656.66,-2432.2600000000093,,,-12569.920000000004,-7646.500000000005,-12569.920000000004,-8514.420000000006
1789198200,23.803,23.817,23.626,23.655,24.432,27.099,22.5215,22.183,21.780797768627657,23.948509816106434,,,0,0,0,0,0,0,0,0,0,0,,,1,5889.25,,1201656.02,1201656.02,1200522.62,1201145.32,-4168.350000000093,,,-8514.420000000006,-8514.420000000006,-11152.130000000005,-10977.290000000005
1789200000,23.655,23.661,23.307,23.347,24.432,27.099,22.5215,22.183,21.778741403694177,23.94874482924169,,,0,0,0,0,0,0,0,0,0,0,,,1,10801.02,,1201125.17,1202729.31,1200615.17,1201383.7,-2278.340000000084,,,-10977.290000000005,-10977.290000000005,-18334.750000000007,-18224.990000000005
1789201800,23.347,23.356,22.917,23.168,23.881,24.432,22.5215,22.183,21.600308659558955,23.95017734143871,,,0,0,0,0,0,0,0,0,0,0,,,1,20861.84,,1201374.22,1201374.22,1194970.09,1195487.08,-5276.439999999944,,,-18224.990000000005,-18224.990000000005,-28726.690000000006,-25249.950000000004
1789203600,23.168,23.249,23.043,23.164,23.881,24.432,22.5215,22.183,21.600308659558955,23.948178959907374,,,0,0,0,0,0,0,0,0,0,0,,,1,4850.04,,1195460.01,1196613.66,1195133.58,1196572.14,-4164.439999999944,,,-25249.950000000004,-23733.360000000004,-25550.130000000005,-24310.030000000006
1789205400,23.164,23.21,22.996,23.136,23.881,24.432,22.5215,22.183,21.600308659558955,23.946437605628276,,,0,0,0,0,0,0,0,0,0,0,,,-1,8482.1,,1196578.56,1197685.04,1196293.5,1196295.01,-1790.0600000000559,,,-24310.030000000006,-24021.720000000005,-26043.780000000006,-25023.830000000005
1789207200,23.136,23.175,23.022,23.123,23.881,24.432,22.5215,22.183,21.651508659558957,23.943949205226257,,,0,0,0,0,0,0,0,0,0,0,,,-1,6624.92,,1196296.52,1199556.6,1195739.78,1198608.02,-2716.969999999972,,,-25023.830000000005,-22414.680000000004,-25705.300000000007,-23174.030000000006
1789209000,23.123,23.34,23.1,23.177,23.881,24.432,22.5215,22.183,21.776308659558957,23.942881404852955,,,0,0,0,0,0,0,0,0,0,0,,,-1,6498.63,,1198605.94,1201567.7,1198491.96,1201553.64,532.8000000000466,,,-23174.030000000006,-21947.690000000006,-24591.500000000007,-24591.500000000007
1789210800,23.177,23.216,22.831,23.066,23.881,24.432,22.5215,22.183,21.820597245128717,23.943961304506313,,,0,0,0,0,0,0,0,0,0,0,,,-1,9560.06,,1201563.1,1202511.55,1200685.38,1201053.56,-221.39000000013039,,,-24591.500000000007,-24289.980000000007,-28510.26000000001,-26716.200000000008
1789212600,23.066,23.2,23.032,23.172,23.881,24.432,22.5215,22.183,21.838948060445162,23.72186406847015,,,0,0,0,0,0,0,0,0,0,0,,,-1,8057.43,,1201068.59,1201895.78,1199388.98,1199975.82,-342.6099999998696,,,-26716.200000000008,-25340.47000000001,-27872.480000000007,-26978.13000000001
1789214400,23.172,23.381,23.105,23.264,23.881,24.432,22.5215,22.183,21.842488103239003,23.44145949215085,,,0,0,0,0,0,0,0,0,0,0,,,-1,12427.4,,1199903,1202466.58,1198343.2,1202268.34,-2673.1700000001583,,,-26978.13000000001,-22426.60000000001,-28304.49000000001,-22996.070000000007
1789216200,23.264,23.299,23.164,23.204,23.881,24.432,22.5215,22.183,21.863400285833286,23.43906952842579,,,0,0,0,0,0,0,0,0,0,0,,,-1,8841.14,,1202267.65,1202267.65,1200282.02,1200324.68,-1051.8499999998603,,,-22996.070000000007,-22996.070000000007,-25902.040000000008,-25320.250000000007
1789218000,23.204,23.214,22.903,22.945,23.881,24.432,22.5215,22.183,21.860818741099404,23.439364562109663,,,0,0,0,0,0,0,0,0,0,0,,,-1,10599.09,,1200325,1201426.02,1200086.26,1200087.56,-3714.7700000000186,,,-25320.250000000007,-25320.250000000007,-32191.360000000008,-32191.360000000008
1789219800,22.945,23.072,22.854,22.951,23.381,23.881,22.5215,22.183,21.870046592417946,23.438309950530403,,,0,0,0,0,0,0,0,0,0,0,,,-1,12427.78,,1200211.53,1202574.18,1200211.53,1201443.94,-268.5600000000559,,,-32191.360000000008,-29469.020000000008,-34207.05000000001,-29626.92000000001
1789221600,22.951,23.185,22.92,23.07,23.381,23.881,22.5215,22.183,21.872740311499445,23.438002096921085,,,0,0,0,0,0,0,0,0,0,0,,,-1,7320.7,,1201439.82,1201439.82,1200299.2,1200637.67,779.410000000149,,,-29626.92000000001,-28840.72000000001,-30302.040000000008,-30175.30000000001
1789223400,23.07,23.159,22.996,23.128,23.381,23.881,22.5215,22.183,21.887991622075127,23.436259089998153,,,0,0,0,0,0,0,0,0,0,0,,,-1,5364.6,,1200640.11,1200670.6,1198825.44,1199169.42,-924.0100000000093,,,-30175.30000000001,-29354.30000000001,-30175.30000000001,-29354.30000000001
1789225200,23.128,23.52,22.934,23.515,23.881,24.432,22.5215,22.183,21.838708659558954,23.579683440712568,,,0,0,0,0,0,0,0,0,0,0,,,-1,20719.36,,1199037.43,1199037.43,1195973.3,1196130.84,-2843.9899999999907,,,-29354.30000000001,-12341.900000000012,-29976.49000000001,-12341.900000000012
1789227000,23.515,23.557,23.322,23.387,23.881,24.432,22.5215,22.183,21.809108659558955,23.61577748066167,,,0,0,0,0,0,0,0,0,0,0,,,1,12308.07,,1196162.49,1197611.66,1196162.49,1196426.01,-1095.7700000000186,,,-12341.900000000012,-12341.900000000012,-16089.560000000012,-15437.670000000011
1789228800,23.387,23.481,23.248,23.282,23.881,24.432,22.5215,22.183,21.809108659558955,23.43890766061441,,,0,0,0,0,0,0,0,0,0,0,,,1,6490.93,,1196438.42,1196507.87,1195134.63,1196264.44,-2425.190000000177,,,-15437.670000000011,-14491.270000000011,-16348.42000000001,-16334.86000000001
1789230600,23.282,23.341,23.191,23.285,23.881,24.432,22.5215,22.183,21.861908659558956,23.612914256284807,,,0,0,0,0,0,0,0,0,0,0,,,1,7048.29,,1196271.8,1196782.9,1195303.4,1196144.61,-904.7399999999907,,,-16334.86000000001,-15025.30000000001,-16334.86000000001,-15622.690000000008
1789232400,23.285,23.305,23.111,23.156,23.557,23.881,22.5215,22.183,21.87310865955896,23.611691809407322,,,0,0,0,0,0,0,0,0,0,0,,,1,3717.73,,1196100.36,1196100.36,1195668.04,1195788.84,-425.6799999999348,,,-15622.690000000008,-15592.060000000009,-16904.10000000001,-15729.700000000008
1789234200,23.156,23.499,23.079,23.437,23.557,23.881,22.5215,22.183,21.87310865955896,23.613785251592514,,,0,0,0,0,0,0,0,0,0,0,,,1,6237.92,,1195796.53,1196730.1,1195468.9,1195730.38,687.0400000000373,,,-15729.700000000008,-13447.460000000008,-16281.540000000008,-13447.460000000008
1789236000,23.437,23.52,23.255,23.48,23.557,23.881,22.5215,22.183,21.87700349036978,23.61351487647876,,,0,0,0,0,0,0,0,0,0,0,,,1,7158.89,,1195694.14,1196629.36,1195642.62,1195993.43,1722.4399999999441,,,-13447.460000000008,-11726.760000000007,-13516.650000000009,-12501.630000000008
1789237800,23.48,23.51,23.312,23.499,23.557,23.881,22.5215,22.183,21.887575288169007,23.612306671015993,,,0,0,0,0,0,0,0,0,0,0,,,1,7057.8,,1195990.6,1197669.77,1195959.56,1197669.77,2039.0700000000652,,,-12501.630000000008,-7912.3900000000085,-13171.590000000007,-7912.3900000000085
1789239600,23.499,23.696,23.402,23.488,23.881,24.432,22.5215,22.183,21.877908659558955,23.612556194514852,,,0,0,0,0,0,0,0,0,0,0,,,1,8610,,1197660.16,1197660.16,1196003.92,1196639.32,2135.0999999998603,,,-7912.3900000000085,-6835.4300000000085,-9212.990000000009,-8560.71000000001
1789241400,23.488,23.5,23.263,23.38,23.881,24.432,22.5215,22.183,21.877908659558955,23.61197360919236,,,0,0,0,0,0,0,0,0,0,0,,,1,5121.64,,1196639.9,1197084.44,1196243.05,1196266.47,918.4300000001676,,,-8560.71000000001,-8560.71000000001,-10495.60000000001,-9638.090000000011
1789243200,23.38,23.837,23.38,23.673,23.881,24.432,22.5215,22.183,21.765108659558955,23.894575494250052,,,0,0,0,0,0,0,0,0,0,0,,,1,8222.23,,1196331.98,1198488,1196054.85,1198392.34,1442.089999999851,,,-9638.090000000011,-6809.550000000012,-9638.090000000011,-9071.920000000011
1789245000,23.673,24.151,23.6,23.921,24.432,27.099,22.5215,22.183,21.654708659558956,24.212334387517902,,,0,0,0,0,0,0,0,0,0,0,,,1,24806.69,,1198453.96,1206088.24,1198325.99,1204113.06,720.4300000001676,,,-9071.920000000011,-550.8900000000085,-9414.420000000011,-6425.39000000001
1789246800,23.921,24.128,23.823,24.002,24.432,27.099,22.5215,22.183,21.661108659558955,24.212310502695196,,,0,0,0,0,0,0,0,0,0,0,,,1,13594.49,,1204151.05,1204924.88,1202964.9,1204924.88,342.14999999990687,,,-6425.39000000001,-597.2800000000107,-7849.7300000000105,-1714.0200000000104
1789248600,24.002,24.506,23.795,24.406,27.099,28.037,22.5215,22.183,21.377108659558957,24.573088323931255,,,0,0,0,0,0,0,0,0,0,0,,,1,15611.97,,1204923.43,1209742.14,1204923.36,1208974.75,2622.4899999999907,,,-1714.0200000000104,-1290.7300000000087,-6749.90000000001,-1290.7300000000087
1789250400,24.406,24.673,24.237,24.26,27.099,28.037,22.5215,22.183,21.24350865955896,24.741524872221877,,,0,0,0,0,0,0,0,0,0,0,,,1,17476.46,,1208976.16,1209056.94,1203688.11,1203729.54,-818.7800000000279,,,-1290.7300000000087,430.63999999999123,-6592.340000000009,-6214.33000000001
1789252200,24.26,24.367,24.144,24.22,27.099,28.037,22.5215,22.183,21.337108659558957,24.73981595277746,,,0,0,0,0,0,0,0,0,0,0,,,1,10100.93,,1203649.41,1204147.84,1202195.71,1203717.74,166.75,,,-6214.33000000001,-6214.33000000001,-8583.580000000009,-7766.98000000001
1789254000,24.22,24.427,24.102,24.265,27.099,28.037,22.5215,22.183,21.51310865955896,24.73968624186478,,,0,0,0,0,0,0,0,0,0,0,,,1,7163.21,,1203708.31,1204857.62,1203516.78,1204054.98,1137.1799999999348,,,-7766.98000000001,-5581.780000000011,-7841.640000000009,-6752.15000000001
1789255800,24.265,24.269,24.062,24.22,24.673,27.099,22.5215,22.183,21.669108659558958,24.737880081731582,,,0,0,0,0,0,0,0,0,0,0,,,1,5422.71,,1204049.98,1204256.66,1201980.46,1201980.46,-868.559999999823,,,-6752.15000000001,-6752.15000000001,-7951.490000000011,-7312.520000000011
1789257600,24.22,24.374,24.001,24.013,24.673,27.099,22.5215,22.183,21.669108659558958,24.7385743616079,,,0,0,0,0,0,0,0,0,0,0,,,1,8230.43,,1201968.28,1202356.78,1198866.72,1198866.72,563.0699999998324,,,0,1044.14,-2576.5300000000007,-2145.530000000001
1789259400,24.013,24.365,24.013,24.2,24.673,27.099,22.5215,22.183,21.794716971494772,24.738919050064478,,,0,0,0,0,0,0,0,0,0,0,,,1,6375.47,,1198728.32,1199069.76,1197251.33,1199069.76,1621.9600000001956,,,-2145.530000000001,17.41999999999871,-2145.530000000001,-1205.420000000001
1789261200,24.2,24.616,24.2,24.275,24.673,27.099,22.5215,22.183,21.78391637778507,24.7401534036313,,,0,0,0,0,0,0,0,0,0,0,,,1,7985.14,,1199034,1199211.88,1198306.1,1198696.22,-1724.1800000001676,,,-1205.420000000001,2153.469999999999,-1205.420000000001,-1153.5000000000014
1789263000,24.275,24.49,24.121,24.262,24.673,27.099,22.5215,22.183,21.77976225505463,24.740628160514778,,,0,0,0,0,0,0,0,0,0,0,,,1,4074.28,,1198685.5,1199004.66,1198351.32,1199004.66,135.45999999996275,,,-1153.5000000000014,-1113.7600000000014,-1888.1700000000014,-1652.980000000001
1789264800,24.262,24.388,24.17,24.278,24.673,27.099,22.5215,22.183,21.79477985537637,24.73891186333515,,,0,0,0,0,0,0,0,0,0,0,,,1,4560.65,,1198948.82,1199973.2,1198828.06,1199967.1,514.2900000000373,,,-1652.980000000001,-1071.1700000000008,-2684.6799999999994,-2459.09
1789266600,24.278,24.397,23.888,24.012,24.6445,27.099,22.5215,22.183,21.77234976996084,24.684475301668357,,,0,0,0,0,0,0,0,0,0,0,,,1,9900.15,,1199966.86,1201151.66,1199791.14,1200323.78,-3744.929999999935,,,-2459.09,-2027.5900000000001,-7328.8099999999995,-7190.219999999999
1789268400,24.012,24.287,23.965,24.145,24.6445,27.099,22.5215,22.183,21.774896833503565,24.684184208692045,,,0,0,0,0,0,0,0,0,0,0,,,1,11563.51,,1200305.75,1200305.75,1197889.73,1199092.52,-6806.729999999981,,,-7190.219999999999,-4355.28,-7335.98,-5977.15
1789270200,24.145,24.145,23.68,23.82,24.6445,27.099,22.5215,22.183,21.622708659558956,24.68595676521404,,,0,0,0,0,0,0,0,0,0,0,,,1,12983.39,,1199150.13,1200171.1,1196617.4,1199529.64,-6306.370000000112,,,-5977.15,-5977.15,-14274.85,-12559.779999999999
1789272000,23.82,23.989,23.654,23.981,24.6445,27.099,22.5215,22.183,21.702708659558958,24.685745567698753,,,0,0,0,0,0,0,0,0,0,0,,,1,9181.99,,1199556.47,1199636.28,1197256.54,1197297.34,1026.6100000001024,,,-12559.779999999999,-11931.159999999998,-15820.189999999999,-15008.549999999997
1789273800,23.981,24.012,23.845,23.908,24.6445,27.099,22.5215,22.183,21.777108659558955,24.68314945572027,,,0,0,0,0,0,0,0,0,0,0,,,-1,3112.36,,1197293.4,1198070.38,1197133.78,1197293.48,264.96999999997206,,,-15008.549999999997,-14984.659999999998,-15478.959999999997,-15433.409999999998
1789275600,23.908,24.019,23.799,23.854,24.6445,27.099,22.5215,22.183,21.777108659558955,24.68149592316882,,,0,0,0,0,0,0,0,0,0,0,,,-1,3472.6,,1197290.22,1197561.8,1195737.4,1195742.58,-1658.530000000028,,,-15433.409999999998,-14948.369999999997,-16034.329999999998,-15123.229999999998
1789277400,23.854,24.236,23.833,23.88,24.6445,27.099,22.5215,22.183,21.78897928381227,24.46357478579962,,,0,0,0,0,0,0,0,0,0,0,,,-1,9488.07,,1195743.42,1198990.33,1195597.03,1197467.08,-171.86999999987893,,,-15123.229999999998,-8981.339999999998,-15253.079999999998,-10420.38
1789279200,23.88,23.956,23.661,23.759,24.6445,27.099,22.5215,22.183,21.793713524937033,24.463033729671075,,,0,0,0,0,0,0,0,0,0,0,,,-1,6600.87,,1197455.73,1197455.73,1194675.2,1194675.4,-49.87000000011176,,,-10420.38,-9966.849999999999,-13041.98,-12759.61
1789281000,23.759,23.767,23.336,23.431,24.6445,27.099,22.5215,22.183,21.651508659558953,24.35447417755171,,,0,0,0,0,0,0,0,0,0,0,,,-1,11191.34,,1194671.02,1194689.4,1191518.12,1192144.28,486.69999999995343,,,-12759.61,-12701.93,-17137.98,-16720.73
1789282800,23.431,23.527,23.153,23.463,24.236,24.6445,22.5215,22.183,21.505108659558953,24.303997450583736,,,0,0,0,0,0,0,0,0,0,0,,,-1,20574.48,,1192152.97,1204688.41,1191937.98,1204688.41,1712.970000000205,,,-16720.73,-11965.7,-22401.02,-12405.41
1789284600,23.463,23.642,23.032,23.177,24.236,24.6445,22.5215,22.183,21.408308659558955,24.30785477554204,,,0,0,0,0,0,0,0,0,0,0,,,-1,24599.36,,1204740.02,1205527,1196365.17,1196446.47,142.29999999981374,,,-12405.41,-7822.839999999997,-12634.38,-10201.649999999996
1789286400,23.177,23.239,22.974,23.109,24.236,24.6445,22.5215,22.183,21.361908659558956,24.306508005860465,,,0,0,0,0,0,0,0,0,0,0,,,-1,15968.64,,1196451.72,1197477.32,1193806.88,1197314.29,-1685.809999999823,,,-10201.649999999996,-4452.059999999997,-11758.459999999995,-4758.829999999996
1789288200,23.109,23.123,22.617,22.646,24.236,24.6445,22.5215,22.183,21.300308659558958,24.308700291156146,,,0,0,0,0,0,0,0,0,0,0,,,-1,25863.76,,1197295.38,1199902.91,1196318.79,1199852.3,-16517.970000000205,,,-4758.829999999996,-4599.609999999996,-15523.719999999996,-12306.869999999995
1789290000,22.646,22.955,22.583,22.777,24.236,24.6445,22.5215,22.183,21.424308659558953,24.308821698930707,,,0,0,0,0,0,0,0,0,0,0,,,-1,32003.53,,1199747.3,1209323.68,1199297.38,1209323.68,5296.590000000084,,,-12306.869999999995,718.6600000000035,-12306.869999999995,-3872.1999999999953
1789291800,22.777,23.039,22.711,22.925,24.236,24.6445,22.5215,22.183,21.524308659558955,24.3083058632928,,,0,0,0,0,0,0,0,0,0,0,,,-1,12295.92,,1209279.45,1209289.88,1205754.73,1206431.8,-159.1699999999255,,,-3872.1999999999953,3154.4500000000044,-4266.699999999995,2226.1600000000044
1789293600,22.925,22.962,22.823,22.886,24.236,24.6445,22.5215,22.183,21.524308659558955,23.836126873057598,,,0,0,0,0,0,0,0,0,0,0,,,-1,6037.87,,1206394.34,1208675.79,1206147.37,1208469.46,-1632.1100000001024,,,2226.1600000000044,3319.4200000000046,2015.4700000000043,2781.4100000000058
1789295400,22.886,22.899,22.649,22.789,24.236,24.6445,22.5215,22.183,21.77860281596596,23.7097606678392,,,0,0,0,0,0,0,0,0,0,0,,,-1,12997.96,,1208516.5,1208874.65,1203105.37,1205170.12,1589.0600000000559,,,2781.4100000000058,2787.330000000006,-3985.3999999999955,-3604.1099999999947
1789297200,22.789,22.799,22.437,22.583,24.236,24.6445,22.5215,22.183,21.77570323336546,23.71009204870783,,,0,0,0,0,0,0,0,0,0,0,,,-1,20495.37,,1205165.28,1208292.58,1201672.77,1208009.51,313.8699999998789,,,-3604.1099999999947,-3003.2999999999947,-11880.749999999995,-7194.579999999993
1789299000,22.583,22.688,22.55,22.584,24.236,24.6445,22.5215,22.183,21.801010763807852,23.30419975951441,,,0,0,0,0,0,0,0,0,0,0,,,-1,4309.64,,1208005.53,1208130.42,1207644.12,1207847.36,116.9800000002142,,,-7194.579999999993,-6380.4899999999925,-7722.939999999993,-7581.579999999993
1789300800,22.584,22.647,22.497,22.497,24.236,24.6445,22.5215,22.183,21.82301061350436,23.18568549097767,,,0,0,0,0,0,0,0,0,0,0,,,-1,4704.75,,1207917.58,1208478.08,1207861.22,1208031.96,812.9299999999348,,,-7581.579999999993,-6631.469999999993,-7875.469999999992,-7104.129999999993
1789302600,22.497,22.57,22.085,22.107,24.236,24.6445,,22.183,21.669908659558956,23.104136527336408,,,0,0,0,0,0,0,0,0,0,0,,,-1,21325.01,,1208033.94,1208325.6,1201910.99,1202006.2,-1771.380000000121,,,-7104.129999999993,-6975.939999999993,-21197.25999999999,-21197.25999999999
1789304400,22.107,22.434,21.523,21.575,24.236,24.6445,,22.183,21.270708659558956,23.112498203955237,,,0,0,0,0,0,0,0,0,0,1,,,-1,56584.43,,1201972.76,1204116.78,1196269.25,1197158.12,778.8200000000652,,,-21197.25999999999,-19326.75999999999,-61304.249999999985,-61304.249999999985
1789306200,21.575,22.196,21.484,21.937,24.236,24.6445,,22.183,21.319508659558956,23.040419760815574,,,0,0,0,0,0,0,0,0,0,0,,,-1,47133.87,,1197876.77,1201640.67,1196254.52,1196281.59,-12375.649999999907,,,-61304.249999999985,-47710.82999999999,-63927.48999999999,-63031.279999999984
1789308000,21.937,22.138,21.821,21.854,24.236,24.6445,,22.183,21.40830865955896,22.97634692075732,,,0,0,0,0,0,0,0,0,0,0,,,-1,21480.55,,1195776.46,1200140.67,1194113.93,1199743.85,-3490.8900000001304,,,-63031.279999999984,-58994.819999999985,-64856.87999999998,-63989.82999999999
1789309800,21.854,22.068,21.741,21.883,24.236,24.6445,,22.183,21.441108659558957,22.875493569274653,,,0,0,0,0,0,0,0,0,0,0,,,-1,14833.78,,1199745.43,1201890.65,1198825.31,1201890.65,-1868.9399999999441,,,-63989.82999999999,-60394.76999999999,-66513.11999999998,-60479.76999999999
1789311600,21.883,21.892,21.403,21.551,24.236,24.6445,,22.183,21.437908659558953,22.766015457183606,,,0,0,0,0,0,0,0,0,0,0,,,-1,18688.24,,1201869.77,1203293.42,1200638.15,1203182.33,-1577.2900000000373,,,-60479.76999999999,-60479.76999999999,-70577.93,-70127.20999999999
1789313400,21.551,21.674,21.355,21.418,24.236,24.6445,,,,,,,0,0,0,0,0,0,0,0,0,0,,,-1,13598.88,,1203187.25,1204013.79,1200958.77,1201686.27,-338.2299999999814,,,-70127.20999999999,-67046.79999999999,-70884.29,-70335.60999999999
1789315200,21.418,21.52,21.307,21.513,24.236,24.6445,,,,,,,0,0,0,0,0,0,0,0,0,0,,,-1,16607.36,,1201627.21,1205689.79,1201193.35,1204358.51,-4634.189999999944,,,-70335.60999999999,-69828.75999999998,-74340.20999999999,-70644.58999999998
1789317000,21.513,21.652,21.324,21.574,24.236,24.6445,,,,,,,0,0,0,0,0,0,0,0,0,0,,,-1,15624.59,,1204116.87,1207429.64,1202776.13,1207291.69,-3863.4199999999255,,,-70644.58999999998,-64414.279999999984,-71833.35999999999,-64606.45999999998
1789318800,21.574,22.571,21.543,22.374,24.236,24.6445,,,25.27382991431985,21.223689013103368,,,0,0,0,0,0,0,0,0,0,0,,,-1,39293.53,,1207310.89,1207353.2,1202887.19,1205081.4,-2881.5800000000745,,,-64606.45999999998,-39941.30999999997,-64789.71999999998,-42728.66999999997
1789320600,22.374,22.39,22,22.019,24.236,24.6445,21.307,,25.27382991431985,21.22406836931027,,,0,0,0,0,0,0,0,0,0,0,,,-1,17445.69,,1205149.42,1213024.23,1204828.88,1210026.6,-3712.429999999935,,,-42728.66999999997,-37289.24999999997,-44696.98999999997,-40351.39999999997
1789322400,22.019,22.118,21.949,21.989,24.236,24.6445,21.307,,25.27382991431985,21.227577771502393,,,0,0,0,0,0,0,0,0,0,0,,,-1,5556.76,,1210179.46,1210179.46,1208870.63,1209948.1,1051.4899999999907,,,-40351.39999999997,-37900.35999999997,-40351.39999999997,-37900.35999999997
1789324200,21.989,22.135,21.95,22.116,24.236,24.6445,21.307,,25.27382991431985,21.230607930680794,,,0,0,0,0,0,0,0,0,0,0,,,-1,4969.7,,1209943.04,1209993.3,1207965.56,1207984.1,232.7799999997951,,,-37900.35999999997,-37820.02999999997,-39628.68999999997,-38643.339999999975
1789326000,22.116,22.16,21.816,21.833,24.236,24.6445,21.307,,25.260229914319847,21.23115022134645,,,0,0,0,0,0,0,0,0,0,0,,,-1,9883.89,,1207952.72,1207973.54,1206492.84,1206566.14,2954.5500000000466,,,-38643.339999999975,-37226.63999999998,-42449.10999999997,-41904.489999999976
1789327800,21.833,21.904,21.715,21.798,24.236,24.6445,21.307,,25.08502991431985,21.233868062678848,,,0,0,0,0,0,0,0,0,0,0,,,-1,7382.3,,1206532.2,1206532.2,1200419.24,1200419.24,-3270,,,-41904.489999999976,-41725.089999999975,-44413.769999999975,-42520.129999999976
1789329600,21.798,21.95,21.796,21.901,24.236,24.6445,21.307,,24.876076905054205,21.2368917724875,,,0,0,0,0,0,0,0,0,0,0,,,-1,4041.56,,1200396.8,1200573.9,1199584.33,1200203.09,448.0800000000745,,,-42520.129999999976,-40763.03999999998,-42603.96999999997,-41196.549999999974
1789331400,21.901,22.04,21.88,21.929,24.236,24.6445,21.307,,24.852259262858894,21.475613788738393,,,0,0,0,0,0,0,0,0,0,0,,,-1,5377.71,,1200197.16,1200217.36,1197890.6,1199240.54,1725.3300000000745,,,-41196.549999999974,-38894.36999999997,-41374.84999999998,-39198.25999999997
1789333200,21.929,22.01,21.869,21.983,24.236,24.6445,21.715,21.307,24.588590051111247,21.65041280382851,,,0,0,0,0,0,0,0,0,0,0,,,-1,4719.95,,1199251.54,1200328.96,1199251.54,1200328.96,2436.409999999916,,,-39198.25999999997,-36626.31999999997,-39198.25999999997,-36689.589999999975
1789335000,21.983,22.045,21.802,21.953,24.236,24.6445,21.715,21.307,24.588590051111247,21.651554746412188,,,0,0,0,0,0,0,0,0,0,0,,,-1,3868.04,,1200335.22,1200802.14,1199060.64,1200447.18,-514.1799999999348,,,-36689.589999999975,-36651.949999999975,-37768.14999999997,-36796.06999999998
1789336800,21.953,21.953,21.403,21.555,24.236,24.6445,21.307,,24.84687259972083,21.336229407382746,,,0,0,0,0,0,0,0,0,0,0,,,-1,27095.12,,1200414.77,1200745.57,1186437.49,1186437.49,1874.6399999998976,,,-36796.06999999998,-36379.24999999998,-53398.97999999998,-51275.00999999998
1789338600,21.555,21.575,21.398,21.444,24.236,24.6445,21.307,,24.588590051111247,21.333470163998264,,,0,0,0,0,0,0,0,0,0,0,,,-1,8532.13,,1186491,1187097.13,1185619.49,1185696.76,2283.2299999999814,,,-51275.00999999998,-51162.78999999998,-53141.21999999998,-51958.419999999984
1789340400,21.444,21.601,21.379,21.451,24.236,24.6445,21.307,,24.588590051111247,21.31590800942696,,,0,0,0,0,0,0,0,0,0,0,,,-1,6801.01,,1185688.17,1186139.34,1185362.44,1185672.64,2184.600000000093,,,-51958.419999999984,-50913.289999999986,-52808.25999999998,-51647.709999999985
1789342200,21.451,21.563,21.333,21.408,24.236,24.6445,21.307,,24.588590051111247,21.27112886589646,,,0,0,0,0,0,0,0,0,0,0,,,-1,8714.87,,1185528.46,1185582.54,1183231.38,1184904,-5121.060000000056,,,-51647.709999999985,-49596.68999999999,-52202.08999999998,-52079.819999999985
1789344000,21.408,21.658,21.301,21.358,24.236,24.6445,21.307,,24.588590051111247,21.23844823261814,,,0,0,0,0,0,0,0,0,0,0,,,-1,12269.12,,1184729.21,1185454.3,1183805.18,1184247.68,-2101.439999999944,,,0,1868.9599999999996,-1949.12,-1683.96
1789345800,21.358,21.617,21.358,21.522,24.236,24.6445,21.307,,24.588590051111247,21.23921621600256,,,0,0,0,0,0,0,0,0,0,0,,,-1,10052.99,,1184239.08,1191926.72,1183884.3,1191913.89,496.8200000000652,,,-1683.96,3751.37,-2271.96,3615.5099999999993
1789347600,21.522,21.613,21.314,21.394,24.236,24.6445,21.307,,24.588590051111247,21.23935791485952,,,0,0,0,0,0,0,0,0,0,0,,,-1,4907.85,,1191876.16,1191876.16,1189700.36,1190005.22,816.2199999999721,,,3615.5099999999993,3844.2899999999995,1598.6699999999994,2152.6199999999994
1789349400,21.394,21.662,21.164,21.597,24.236,24.6445,,,24.588590051111247,21.0996466352267,,,0,0,0,0,0,0,0,0,0,0,,,-1,33974.44,,1189984.26,1192158,1181762.9,1189550.95,2449.2099999999627,,,2152.6199999999994,2152.6199999999994,-17017.129999999997,-9334.839999999993
1789351200,21.597,22.282,21.426,22.079,24.236,24.6445,,,25.157029914319846,21.092014732710506,,,0,0,0,0,0,0,0,0,0,0,,,-1,36988.02,,1189551.07,1196832.26,1189175.98,1192733.54,-4001.340000000084,,,-9334.839999999993,7577.660000000007,-10281.189999999993,-1176.9799999999977
1789353000,22.079,22.272,21.902,22.226,24.236,24.6445,,,25.157029914319846,21.091870823231186,,,0,0,0,0,0,0,0,0,0,0,,,1,13599.51,,1192767.82,1197458.12,1192653.75,1197452.8,2579.660000000149,,,-1176.9799999999977,1619.010000000002,-2853.949999999998,1619.010000000002
1789354800,22.226,22.867,22.108,22.77,24.236,24.6445,21.164,,25.62502991431985,21.086180050143245,,,0,0,0,0,0,0,0,0,0,0,,,1,23497.62,,1197493.06,1198129.94,1196591.43,1197079.74,1405.2600000000093,,,1619.010000000002,12394.460000000003,869.940000000002,9965.090000000002
1789356600,22.77,22.989,22.639,22.689,24.236,24.6445,21.164,,25.72262991431985,21.086738617990154,,,0,0,0,0,0,0,0,0,0,0,,,1,15391.94,,1197074.33,1197530.24,1194999.79,1195451.52,1527.0699999998324,,,9965.090000000002,9965.090000000002,2921.0800000000017,4459.009999999999
1789358400,22.689,22.949,22.545,22.725,24.236,24.6445,21.164,,25.72262991431985,21.086485859562288,,,0,0,0,0,0,0,0,0,0,0,,,1,15630.49,,1195443.26,1196296.86,1194289.68,1195750.64,-3468.75,,,4459.009999999999,6040.2699999999995,1034.7699999999986,3911.66
1789360200,22.725,22.899,22.554,22.593,24.236,24.6445,21.164,,25.51302991431985,21.087094012450695,,,0,0,0,0,0,0,0,0,0,0,,,1,8602.91,,1195748.07,1195748.07,1193609.73,1193612.38,-1203.2299999999814,,,3911.66,5147.08,2414.9300000000003,2580.9500000000003
1789362000,22.593,22.703,22.51,22.513,24.236,24.6445,21.164,,25.132229914319847,21.089830154418504,,,0,0,0,0,0,0,0,0,0,0,,,1,6076.11,,1193609.74,1193609.74,1191292.9,1191292.9,2113.850000000093,,,2580.9500000000003,4168.67,2144.0200000000004,2144.0200000000004
1789363800,22.513,22.81,22.467,22.659,24.236,24.6445,21.164,,24.967429914319847,21.090228000531468,,,0,0,0,0,0,0,0,0,0,0,,,1,8052.85,,1191356.38,1192242.96,1191211.4,1191722.28,834.9299999999348,,,2144.0200000000004,4851.27,2144.0200000000004,3386.8500000000004
1789365600,22.659,22.764,22.553,22.564,24.236,24.6445,21.164,,24.888402410001692,21.830483143350648,,,0,0,0,0,0,0,0,0,0,0,,,1,6836.25,,1191698.39,1192770.54,1191117.4,1191611.81,557.2199999999721,,,3386.8500000000004,4930.110000000001,3274.7700000000004,4274.080000000002
1789367400,22.564,22.834,22.44,22.72,24.236,24.6445,21.164,,24.892954374595845,22.0359629188256,,,0,0,0,0,0,0,0,0,0,0,,,1,14694.28,,1191673.01,1194773.17,1191089.4,1194344.18,-1357.3899999998976,,,4274.080000000002,11013.420000000004,3800.0700000000015,11013.420000000004
1789369200,22.72,23.11,22.712,23.063,24.236,24.6445,21.164,,24.897681198861846,22.367422710338058,,,1,0,0,0,0,0,0,0,0,0,,,1,11981.51,,1194347.77,1198961.37,1194347.77,1198948.55,-2850.4799999999814,,,11013.420000000004,14037.450000000004,10871.280000000004,14037.450000000004
1789371000,23.063,23.219,22.908,23.151,24.236,24.6445,21.164,,24.891195392823132,22.368163945313913,,,0,0,0,0,0,0,0,0,0,0,,,1,15881.98,,1199415.81,1207024.88,1198758.44,1206143.29,-4156.120000000112,,,14037.450000000004,19331.070000000003,12443.300000000005,17940.470000000005
1789372800,23.151,23.299,22.954,23.072,24.236,24.6445,22.44,21.164,24.949829914319846,22.36836652064863,,,0,0,0,0,0,0,0,0,0,0,,,1,15414.54,,1206164.44,1207106.18,1202034.1,1202214.77,1921.1699999999255,,,17940.470000000005,18531.710000000006,15249.430000000004,15249.430000000004
1789374600,23.072,23.161,22.908,23.105,24.236,24.6445,22.44,21.164,24.949829914319846,22.369868912030874,,,0,0,0,0,0,0,0,0,0,0,,,1,13817.39,,1202118.93,1202118.93,1196737.66,1196737.66,280.5700000000652,,,15249.430000000004,15384.530000000004,8121.550000000006,12002.200000000006
1789376400,23.105,23.137,22.76,22.838,24.236,24.6445,22.44,21.164,24.949829914319846,22.369492561171526,,,0,0,0,0,0,0,0,0,0,0,,,1,8699.72,,1196735.52,1197865.92,1195257.34,1195286.96,151.22999999998137,,,12002.200000000006,12273.710000000006,7948.460000000006,8111.680000000008
1789378200,22.838,23.06,22.755,22.861,24.236,24.6445,22.44,21.164,24.873627854801217,22.370171663944987,,,0,0,0,0,0,0,0,0,0,0,,,1,12954.63,,1195286.03,1195507.27,1188747.84,1189064,-3097.839999999851,,,8111.680000000008,9659.480000000007,6602.860000000008,6945.690000000008
1789380000,22.861,22.927,22.614,22.887,24.236,24.6445,22.44,21.164,24.869110144766836,22.370687973663202,,,0,0,0,0,0,0,0,0,0,0,,,1,16284.15,,1189056.68,1189101.84,1182996.06,1182996.06,3.409999999916181,,,6945.690000000008,6945.690000000008,833.5900000000074,3387.4600000000064
1789381800,22.887,23.168,22.755,22.965,24.236,24.6445,22.44,21.164,24.877415128306335,22.36973883268726,,,0,0,0,0,0,0,0,0,0,0,,,1,13514.65,,1182975.16,1183691.07,1182164.99,1182380.18,-1110.5400000000373,,,3387.4600000000064,9265.550000000005,3223.5200000000063,6551.710000000005
1789383600,22.965,22.977,22.807,22.921,24.236,24.6445,22.44,21.164,24.854751898735874,22.54632891606674,,,0,0,0,0,0,0,0,0,0,0,,,1,7282.4,,1182379.72,1183171.72,1182212.56,1183119.08,693.7800000000279,,,6551.710000000005,6929.840000000005,4500.7900000000045,6591.490000000004
1789385400,22.921,22.956,22.717,22.774,24.236,24.6445,22.614,22.44,24.842332471277587,22.547748279204832,,,0,0,0,0,0,0,0,0,0,0,,,1,6534.08,,1183037.64,1183054.04,1180877.08,1180877.08,-933.8700000001118,,,6591.490000000004,6591.490000000004,2063.3000000000047,2594.5100000000048
1789387200,22.774,22.982,22.721,22.903,24.236,24.6445,22.614,22.44,24.833550145780602,22.548751973547343,,,0,0,0,0,0,0,0,0,0,0,,,1,6770.32,,1180873.26,1183233.18,1180618.96,1183190.19,403.80000000004657,,,2594.5100000000048,5622.990000000004,2543.2800000000047,5622.990000000004
1789389000,22.903,23.167,22.579,22.633,24.236,24.6445,22.44,21.164,24.86627012924769,22.54501254686539,,,0,0,0,0,0,0,0,0,0,0,,,1,14505.34,,1183251.96,1183665.52,1181768.7,1183177.56,1199.969999999972,,,5622.990000000004,8217.350000000004,3310.2100000000064,4027.8100000000068
1789390800,22.633,22.671,22.031,22.064,24.236,24.6445,21.164,,25.17222991431985,21.957797364946433,,,0,0,0,0,0,0,0,0,0,0,,,1,42580.91,,1183195,1183222.81,1173196.07,1176802.57,10160.470000000205,,,4027.8100000000068,4928.030000000007,-18629.219999999994,-18629.219999999994
1789392600,22.064,22.418,21.96,22.006,24.236,24.6445,21.164,,25.22822991431985,21.88548326745026,,,0,0,0,0,0,0,0,0,0,0,,,-1,33431.93,,1176283.19,1179936.71,1176197.61,1178163.62,3385.529999999795,,,-18629.219999999994,-13662.179999999993,-25757.169999999995,-25757.169999999995
1789394400,22.006,22.52,21.936,22.034,24.236,24.6445,21.164,,25.24742991431985,21.858463034060954,,,0,0,0,0,0,0,0,0,0,0,,,-1,22567,,1178134.78,1179153.54,1176078.34,1178320.77,603.8800000001211,,,-25757.169999999995,-15253.669999999995,-25757.169999999995,-20614.569999999992
1789396200,22.034,22.164,21.767,21.939,24.236,24.6445,21.164,,25.38262991431985,21.68932996019946,,,0,0,0,0,0,0,0,0,0,0,,,-1,14976.55,,1178338.5,1179980.37,1177424.72,1179623.32,3154.4899999999907,,,-20614.569999999992,-19896.859999999993,-23314.929999999993,-21179.999999999993
1789398000,21.939,22.055,21.806,21.955,24.236,24.6445,21.164,,25.38262991431985,21.69132067732807,,,0,0,0,0,0,0,0,0,0,0,,,-1,7516.46,,1179625.65,1181795.66,1179236.58,1181676.46,413.95999999996275,,,-21179.999999999993,-20320.929999999993,-22220.199999999993,-21381.139999999992
1789399800,21.955,22.368,21.942,22.29,24.236,24.6445,21.164,,24.985829914319847,21.69064062894749,,,0,0,0,0,0,0,0,0,0,0,,,-1,19318.74,,1181690.95,1183212.57,1181144.52,1181292.24,282.6300000001211,,,-21381.139999999992,-18498.339999999993,-22639.549999999992,-19829.359999999993
1789401600,22.29,22.56,22.058,22.203,24.236,24.6445,21.767,21.164,24.945799804121478,21.688923441165528,,,0,0,0,0,0,0,0,0,0,0,,,-1,15772.63,,1181576.13,1181576.13,1179095.54,1179157.28,-3648.340000000084,,,-19829.359999999993,-19829.359999999993,-23100.629999999994,-23100.629999999994
1789403400,22.203,22.414,22.031,22.271,24.236,24.6445,21.767,21.164,24.94487695484993,21.689028909653704,,,0,0,0,0,0,0,0,0,0,0,,,-1,9790.8,,1179157.92,1182436.86,1179147.06,1182436.86,221.9899999999907,,,-23100.629999999994,-23100.629999999994,-26496.169999999995,-24367.829999999994
1789405200,22.271,22.548,22.239,22.43,24.236,24.6445,21.767,21.164,24.934770023383496,21.690183987535583,,,0,0,0,0,0,0,0,0,0,0,,,-1,11557.34,,1182430.35,1182432.18,1177837.44,1179339.44,-885.3200000000652,,,-24367.829999999994,-18378.059999999994,-24446.619999999995,-19764.549999999996
1789407000,22.43,22.47,22.19,22.276,24.236,24.6445,21.767,21.164,24.921760015593236,21.691670845568755,,,0,0,0,0,0,0,0,0,0,0,,,-1,8627.31,,1179288.45,1184431.39,1179288.45,1184338.66,1699.0200000000186,,,-19764.549999999996,-19337.819999999996,-24255.909999999996,-24192.619999999995
1789408800,22.276,22.671,22.225,22.569,24.236,24.6445,21.767,21.164,24.930429294073708,21.69068007088527,,,0,0,0,0,0,0,0,0,0,0,,,-1,17800.57,,1184333.54,1187217.46,1182788.13,1185078.54,1942.630000000121,,,-24192.619999999995,-16610.069999999996,-24311.869999999995,-16610.069999999996
1789410600,22.569,22.987,22.529,22.761,24.236,24.6445,21.767,21.164,25.02742991431985,21.689588637250612,,,0,0,0,0,0,0,0,0,0,0,,,-1,38863.29,,1185084.31,1196346.91,1185084.31,1194086.5,11911.799999999814,,,-16610.069999999996,5336.660000000007,-16782.229999999996,1498.8800000000083
1789412400,22.761,22.781,22.331,22.576,24.236,24.6445,21.767,21.164,25.02742991431985,21.86368944887557,,,0,0,0,0,0,0,0,0,0,0,,,1,21678.8,,1194098.76,1194098.76,1187209.75,1188287.76,-3091.2299999999814,,,1498.8800000000083,2104.660000000008,-7641.359999999993,-6056.839999999995
1789414200,22.576,22.576,22.167,22.231,24.236,24.6445,21.767,21.164,24.950028142205866,21.95244020252731,,,0,0,0,0,0,0,0,0,0,0,,,1,20139.88,,1188276.31,1189446.28,1186607.84,1188821.52,-3030.9799999999814,,,-6056.839999999995,-4552.299999999994,-11254.609999999995,-9033.219999999996
1789416000,22.231,22.511,21.9,22.505,24.236,24.6445,21.767,21.164,25.132229914319847,21.818323045203933,,,0,0,0,0,0,0,0,0,0,0,,,1,34152.06,,1188821.54,1195208.13,1186555.44,1194141.76,8389.120000000112,,,-9033.219999999996,-7319.409999999994,-19783.739999999998,-7820.839999999995
1789417800,22.505,23.083,22.375,22.743,24.236,24.6445,21.767,21.164,25.20902991431985,21.814042827689367,,,0,0,0,0,0,0,0,0,0,0,,,1,74937.76,,1194148.66,1231460.01,1194135.84,1216625.32,3165.3599999998696,,,-7820.839999999995,31429.790000000008,-8447.209999999995,16890.48000000001
1789419600,22.743,22.791,22.194,22.574,24.236,24.6445,21.767,21.164,25.20902991431985,21.811654054282982,,,0,0,0,0,0,0,0,0,0,0,,,1,38950.59,,1215723.12,1218641.1,1205999,1218584.68,-2660.189999999944,,,16890.48000000001,16890.48000000001,-1086.159999999989,5950.8500000000095
1789421400,22.574,22.687,22.149,22.186,24.236,24.6445,21.9,21.767,25.20902991431985,21.81027876469134,,,0,0,0,0,0,0,0,0,0,0,,,1,10822.56,,1218580.71,1220241.17,1218433.88,1218650.82,-4837.020000000019,,,5950.8500000000095,6176.73000000001,1550.8600000000097,2520.9700000000093
1789423200,22.186,22.341,22.062,22.122,24.236,24.6445,21.9,21.767,25.20902991431985,21.81270171007053,,,0,0,0,0,0,0,0,0,0,0,,,1,12174.19,,1218688.28,1224685.94,1217658.34,1224422.26,-723.8499999998603,,,2520.9700000000093,2949.570000000009,648.2600000000089,1415.0600000000077
1789425000,22.122,22.365,22.064,22.131,24.236,24.6445,21.9,21.767,25.20902991431985,21.81463730220835,,,0,0,0,0,0,0,0,0,0,0,,,1,10230.71,,1224438.04,1226296.65,1224317.36,1226047.8,2341.9799999999814,,,1415.0600000000077,5048.440000000008,1208.0400000000077,4148.890000000007
1789426800,22.131,22.54,22.048,22.525,24.236,24.6445,21.9,21.767,25.090629914319848,21.813706066336323,,,0,0,0,0,0,0,0,0,0,0,,,1,13820.74,,1226044.96,1228809.36,1226044.96,1228403.18,-1416.8500000000931,,,4148.890000000007,10877.640000000005,4099.560000000007,10505.570000000003
1789428600,22.525,23.135,22.462,23.099,24.236,24.6445,21.9,21.767,25.13222991431985,21.810255633026586,,,0,0,0,0,0,0,0,0,0,0,,,1,22896.42,,1228402.94,1236578.26,1228066.42,1236517.9,-3304.119999999879,,,10505.570000000003,21111.570000000003,10324.040000000003,15766.230000000003
1789430400,23.099,23.333,22.866,22.971,24.236,24.6445,21.9,21.767,25.290629914319847,21.80999451638183,,,0,0,1,0,0,0,0,0,0,0,,,1,34472.95,,1236510.97,1241877.8,1236066.56,1241864.74,-8945.15000000014,,,0,1684.98,-11464.909999999998,-11171.33
1789432200,22.971,23.096,22.633,22.71,24.236,24.6445,22.048,21.9,25.290629914319847,21.957809193783127,,,0,0,0,0,0,0,0,0,0,0,,,1,9125.49,,1241865.54,1243977.33,1241735.06,1243094.52,-1753.1099999998696,,,-11171.33,-8145,-11296.77,-10849.34
1789434000,22.71,22.757,22.475,22.48,24.236,24.6445,22.048,21.9,25.290629914319847,21.960222822798617,,,0,0,0,0,0,0,0,0,0,0,,,1,6001,,1243090.8,1243152.64,1240925.01,1241088.02,-2303.5500000000466,,,-10849.34,-10539.84,-14436.5,-14436.5
1789435800,22.48,22.861,22.46,22.586,24.236,24.6445,22.048,21.9,25.290629914319847,21.960764049741574,,,0,0,0,0,0,0,0,0,0,0,,,1,28977.59,,1241097.07,1262406.69,1240887.88,1260276.18,-3350.3700000001118,,,-14436.5,4408.279999999999,-14640.34,2854.2499999999964
1789437600,22.586,22.616,22.344,22.381,24.236,24.6445,22.048,21.9,25.053829914319845,21.96310947476003,,,0,0,0,0,0,0,0,0,0,0,,,1,8699.14,,1260273.83,1260273.83,1258041.9,1258041.9,-2028.7399999999907,,,2854.2499999999964,2979.8399999999965,-258.1100000000042,-258.1100000000042
1789439400,22.381,22.671,22.085,22.25,24.236,24.6445,22.048,21.9,25.261029914319845,21.960801655134315,,,0,0,0,0,0,0,0,0,0,0,,,1,10969.48,,1258044.81,1259614.18,1258032.44,1259453,334.53000000002794,,,-258.1100000000042,836.939999999996,-6107.320000000004,-4935.210000000006
1789441200,22.25,22.38,22,22.101,24.236,24.6445,21.9,21.767,25.139429914319848,21.961601536910436,,,0,0,0,0,0,0,0,0,0,0,,,1,7642.4,,1259460.05,1260388,1259440.54,1259754.68,-973.8100000000559,,,-4935.210000000006,-4867.850000000007,-7464.560000000007,-4953.230000000007
1789443000,22.101,22.294,22.051,22.08,24.236,24.6445,21.9,21.767,24.99499242692254,21.91630142713112,,,0,0,0,0,0,0,0,0,0,0,,,1,4209.91,,1259745.53,1260066.45,1259650.16,1259703.3,341.5700000000652,,,-4953.230000000007,-3934.2600000000066,-5647.910000000006,-5534.480000000006
1789444800,22.08,22.176,22.014,22.074,24.236,24.6445,21.9,21.767,24.96293081887949,21.919965610907468,,,0,0,0,0,0,0,0,0,0,0,,,-1,4972.71,,1259706.39,1260973.16,1259664.94,1260970.62,120.92999999993481,,,-5534.480000000006,-5218.080000000006,-6774.2500000000055,-6588.350000000006
1789446600,22.074,22.1,21.991,22.006,24.236,24.6445,21.9,21.767,24.926534325696657,21.915125210128366,,,0,0,0,0,0,0,0,0,0,0,,,-1,4184.969999999999,,1260962.22,1261282.78,1259611.58,1260097.62,640.7000000001863,,,-6588.350000000006,-5811.660000000005,-7683.060000000006,-7683.060000000006
1789448400,22.006,22.208,21.902,21.976,24.236,24.6445,21.9,21.767,24.917362582026886,21.82717340940491,,,0,0,0,0,0,0,0,0,0,0,,,-1,6681.13,,1260105.48,1260341.64,1258012.2,1258012.2,105.48999999999069,,,-7683.060000000006,-6712.050000000006,-10975.020000000004,-10748.510000000006